Step,Vehicle_ID,Charge
2,0,90
4,0,89
6,0,88
8,0,87
10,0,86
12,0,85
14,0,84
16,0,83
18,0,82
20,0,81
20,1,53
22,0,80
22,1,52
24,0,79
24,1,51
26,0,78
26,1,50
28,0,77
28,1,49
30,0,76
30,1,48
32,0,75
32,1,47
34,0,74
34,1,46
36,0,73
36,1,45
38,0,72
38,1,44
40,0,71
40,1,43
40,2,41
42,0,70
42,1,42
42,2,40
44,0,69
44,1,41
44,2,39
46,0,68
46,1,40
46,2,38
48,0,67
48,1,39
48,2,37
50,0,66
50,1,38
50,2,36
52,0,65
52,1,37
52,2,35
54,0,64
54,1,36
54,2,34
56,0,63
56,1,35
56,2,33
58,0,62
58,1,34
58,2,32
60,0,61
60,1,33
60,2,31
60,3,88
62,0,60
62,1,32
62,2,30
62,3,87
64,0,59
64,1,31
64,2,29
64,3,86
66,0,58
66,1,30
66,2,28
66,3,85
68,0,57
68,1,29
68,2,27
68,3,84
70,0,56
70,1,28
70,2,26
70,3,83
72,0,55
72,1,27
72,2,25
72,3,82
74,0,54
74,1,26
74,2,24
74,3,81
76,0,53
76,1,27
76,2,23
76,3,80
78,0,52
78,1,28
78,2,22
78,3,79
80,0,51
80,1,29
80,2,23
80,3,78
80,4,69
82,0,50
82,1,30
82,2,24
82,3,77
82,4,68
84,0,49
84,1,31
84,2,25
84,3,76
84,4,67
86,0,48
86,1,32
86,2,26
86,3,75
86,4,66
88,0,47
88,1,33
88,2,27
88,3,74
88,4,65
90,0,46
90,1,34
90,2,28
90,3,73
90,4,64
92,0,45
92,1,35
92,2,29
92,3,72
92,4,63
94,0,44
94,1,36
94,2,30
94,3,71
94,4,62
96,0,43
96,1,37
96,2,31
96,3,70
96,4,61
98,0,42
98,1,38
98,2,32
98,3,69
98,4,60
100,0,41
100,1,39
100,2,33
100,3,68
100,4,59
100,5,77
102,0,40
102,1,40
102,2,34
102,3,67
102,4,58
102,5,76
104,0,39
104,1,41
104,2,35
104,3,66
104,4,57
104,5,75
106,0,38
106,1,42
106,2,36
106,3,65
106,4,56
106,5,74
108,0,37
108,1,43
108,2,37
108,3,64
108,4,55
108,5,73
110,0,36
110,1,44
110,2,38
110,3,63
110,4,54
110,5,72
112,0,35
112,1,45
112,2,39
112,3,62
112,4,53
112,5,71
114,0,34
114,1,46
114,2,40
114,3,61
114,4,52
114,5,70
116,0,33
116,1,47
116,2,41
116,3,60
116,4,51
116,5,69
118,0,32
118,1,48
118,2,42
118,3,59
118,4,50
118,5,68
120,0,31
120,1,49
120,2,43
120,3,58
120,4,49
120,5,67
120,6,73
122,0,30
122,1,50
122,2,44
122,3,57
122,4,48
122,5,66
122,6,72
124,0,29
124,1,51
124,2,45
124,3,56
124,4,47
124,5,65
124,6,71
126,0,28
126,1,52
126,2,46
126,3,55
126,4,46
126,5,64
126,6,70
128,0,27
128,1,53
128,2,47
128,3,54
128,4,45
128,5,63
128,6,69
130,0,26
130,1,54
130,2,48
130,3,53
130,4,44
130,5,62
130,6,68
132,0,25
132,1,55
132,2,49
132,3,52
132,4,43
132,5,61
132,6,67
134,0,24
134,1,56
134,2,50
134,3,51
134,4,42
134,5,60
134,6,66
136,0,23
136,1,57
136,2,51
136,3,50
136,4,41
136,5,59
136,6,65
138,0,24
138,1,58
138,2,52
138,3,49
138,4,40
138,5,58
138,6,64
140,0,25
140,1,59
140,2,53
140,3,48
140,4,39
140,5,57
140,6,63
140,7,43
142,0,26
142,1,60
142,2,54
142,3,47
142,4,38
142,5,56
142,6,62
142,7,42
144,0,27
144,1,61
144,2,55
144,3,46
144,4,37
144,5,55
144,6,61
144,7,41
146,0,28
146,1,62
146,2,56
146,3,45
146,4,36
146,5,54
146,6,60
146,7,40
148,0,29
148,1,63
148,2,57
148,3,44
148,4,35
148,5,53
148,6,59
148,7,39
150,0,30
150,1,64
150,2,58
150,3,43
150,4,34
150,5,52
150,6,58
150,7,38
152,0,31
152,1,65
152,2,59
152,3,42
152,4,33
152,5,51
152,6,57
152,7,37
154,0,32
154,1,66
154,2,60
154,3,41
154,4,32
154,5,50
154,6,56
154,7,36
156,0,33
156,1,67
156,2,61
156,3,40
156,4,31
156,5,49
156,6,55
156,7,35
158,0,34
158,1,68
158,2,62
158,3,39
158,4,30
158,5,48
158,6,54
158,7,34
160,0,35
160,1,69
160,2,63
160,3,38
160,4,29
160,5,47
160,6,53
160,7,33
160,8,70
162,0,36
162,1,70
162,2,64
162,3,37
162,4,28
162,5,46
162,6,52
162,7,32
162,8,69
164,0,37
164,1,71
164,2,65
164,3,36
164,4,27
164,5,45
164,6,51
164,7,31
164,8,68
166,0,38
166,1,72
166,2,66
166,3,35
166,4,26
166,5,44
166,6,50
166,7,30
166,8,67
168,0,39
168,1,73
168,2,67
168,3,34
168,4,25
168,5,43
168,6,49
168,7,29
168,8,66
170,0,40
170,1,74
170,2,68
170,3,33
170,4,24
170,5,42
170,6,48
170,7,28
170,8,65
172,0,41
172,1,75
172,2,69
172,3,32
172,4,23
172,5,41
172,6,47
172,7,27
172,8,64
174,0,42
174,1,76
174,2,70
174,3,31
174,4,22
174,5,40
174,6,46
174,7,26
174,8,63
176,0,43
176,1,77
176,2,71
176,3,30
176,4,21
176,5,39
176,6,45
176,7,25
176,8,62
178,0,44
178,1,78
178,2,72
178,3,29
178,4,20
178,5,38
178,6,44
178,7,24
178,8,61
180,0,45
180,1,79
180,2,73
180,3,28
180,4,19
180,5,37
180,6,43
180,7,23
180,8,60
180,9,97
182,0,46
182,1,80
182,2,74
182,3,27
182,4,18
182,5,36
182,6,42
182,7,24
182,8,59
182,9,96
184,0,47
184,1,81
184,2,75
184,3,26
184,4,19
184,5,35
184,6,41
184,7,25
184,8,58
184,9,95
186,0,48
186,1,80
186,2,76
186,3,25
186,4,20
186,5,34
186,6,40
186,7,26
186,8,57
186,9,94
188,0,49
188,1,79
188,2,77
188,3,24
188,4,21
188,5,33
188,6,39
188,7,27
188,8,56
188,9,93
190,0,50
190,1,78
190,2,78
190,3,23
190,4,22
190,5,32
190,6,38
190,7,28
190,8,55
190,9,92
192,0,51
192,1,77
192,2,79
192,3,24
192,4,23
192,5,31
192,6,37
192,7,29
192,8,54
192,9,91
194,0,52
194,1,76
194,2,80
194,3,25
194,4,24
194,5,30
194,6,36
194,7,30
194,8,53
194,9,90
196,0,53
196,1,75
196,2,81
196,3,26
196,4,25
196,5,29
196,6,35
196,7,31
196,8,52
196,9,89
198,0,54
198,1,74
198,2,80
198,3,27
198,4,26
198,5,28
198,6,34
198,7,32
198,8,51
198,9,88
200,0,55
200,1,73
200,10,76
200,2,79
200,3,28
200,4,27
200,5,27
200,6,33
200,7,33
200,8,50
200,9,87
202,0,56
202,1,72
202,10,75
202,2,78
202,3,29
202,4,28
202,5,26
202,6,32
202,7,34
202,8,49
202,9,86
204,0,57
204,1,71
204,10,74
204,2,77
204,3,30
204,4,29
204,5,25
204,6,31
204,7,35
204,8,48
204,9,85
206,0,58
206,1,70
206,10,73
206,2,76
206,3,31
206,4,30
206,5,24
206,6,30
206,7,36
206,8,47
206,9,84
208,0,59
208,1,69
208,10,72
208,2,75
208,3,32
208,4,31
208,5,23
208,6,29
208,7,37
208,8,46
208,9,83
210,0,60
210,1,68
210,10,71
210,2,74
210,3,33
210,4,32
210,5,22
210,6,28
210,7,38
210,8,45
210,9,82
212,0,61
212,1,67
212,10,70
212,2,73
212,3,34
212,4,33
212,5,21
212,6,27
212,7,39
212,8,44
212,9,81
214,0,62
214,1,66
214,10,69
214,2,72
214,3,35
214,4,34
214,5,20
214,6,26
214,7,40
214,8,43
214,9,80
216,0,63
216,1,65
216,10,68
216,2,71
216,3,36
216,4,35
216,5,19
216,6,25
216,7,41
216,8,42
216,9,79
218,0,64
218,1,64
218,10,67
218,2,70
218,3,37
218,4,36
218,5,18
218,6,24
218,7,42
218,8,41
218,9,78
220,0,65
220,1,63
220,10,66
220,11,46
220,2,69
220,3,38
220,4,37
220,5,17
220,6,23
220,7,43
220,8,40
220,9,77
222,0,66
222,1,62
222,10,65
222,11,45
222,2,68
222,3,39
222,4,38
222,5,18
222,6,22
222,7,44
222,8,39
222,9,76
224,0,67
224,1,63
224,10,64
224,11,44
224,2,67
224,3,40
224,4,39
224,5,19
224,6,21
224,7,45
224,8,38
224,9,75
226,0,68
226,1,64
226,10,63
226,11,43
226,2,66
226,3,41
226,4,40
226,5,20
226,6,20
226,7,46
226,8,37
226,9,74
228,0,69
228,1,65
228,10,62
228,11,42
228,2,65
228,3,42
228,4,41
228,5,21
228,6,19
228,7,47
228,8,36
228,9,73
230,0,70
230,1,66
230,10,61
230,11,41
230,2,66
230,3,43
230,4,42
230,5,22
230,6,18
230,7,48
230,8,35
230,9,72
232,0,71
232,1,67
232,10,60
232,11,40
232,2,67
232,3,44
232,4,43
232,5,23
232,6,17
232,7,49
232,8,34
232,9,71
234,0,72
234,1,68
234,10,59
234,11,39
234,2,68
234,3,45
234,4,44
234,5,24
234,6,16
234,7,50
234,8,33
234,9,70
236,0,73
236,1,69
236,10,58
236,11,38
236,2,69
236,3,46
236,4,45
236,5,25
236,6,15
236,7,51
236,8,32
236,9,69
238,0,74
238,1,70
238,10,57
238,11,37
238,2,70
238,3,47
238,4,46
238,5,26
238,6,14
238,7,52
238,8,31
238,9,68
240,0,75
240,1,71
240,10,56
240,11,36
240,12,99
240,2,71
240,3,48
240,4,47
240,5,27
240,6,15
240,7,53
240,8,30
240,9,67
242,0,76
242,1,72
242,10,55
242,11,35
242,12,98
242,2,72
242,3,49
242,4,48
242,5,28
242,6,16
242,7,54
242,8,29
242,9,66
244,0,77
244,1,73
244,10,54
244,11,34
244,12,97
244,2,73
244,3,50
244,4,49
244,5,29
244,6,17
244,7,55
244,8,28
244,9,65
246,0,78
246,1,74
246,10,53
246,11,33
246,12,96
246,2,74
246,3,51
246,4,50
246,5,30
246,6,18
246,7,56
246,8,27
246,9,64
248,0,79
248,1,75
248,10,52
248,11,32
248,12,95
248,2,75
248,3,52
248,4,51
248,5,31
248,6,19
248,7,57
248,8,26
248,9,63
250,0,80
250,1,76
250,10,51
250,11,31
250,12,94
250,2,76
250,3,53
250,4,52
250,5,32
250,6,20
250,7,58
250,8,25
250,9,62
252,0,81
252,1,77
252,10,50
252,11,30
252,12,93
252,2,77
252,3,54
252,4,53
252,5,33
252,6,21
252,7,59
252,8,24
252,9,61
254,0,80
254,1,78
254,10,49
254,11,29
254,12,92
254,2,78
254,3,55
254,4,54
254,5,34
254,6,22
254,7,60
254,8,23
254,9,60
256,0,79
256,1,79
256,10,48
256,11,28
256,12,91
256,2,79
256,3,56
256,4,55
256,5,35
256,6,23
256,7,61
256,8,22
256,9,59
258,0,78
258,1,80
258,10,47
258,11,27
258,12,90
258,2,80
258,3,57
258,4,56
258,5,36
258,6,24
258,7,62
258,8,21
258,9,58
260,0,77
260,1,81
260,10,46
260,11,26
260,12,89
260,13,91
260,2,81
260,3,58
260,4,57
260,5,37
260,6,25
260,7,63
260,8,20
260,9,57
262,0,76
262,1,80
262,10,45
262,11,25
262,12,88
262,13,90
262,2,80
262,3,59
262,4,58
262,5,38
262,6,26
262,7,64
262,8,19
262,9,56
264,0,75
264,1,79
264,10,44
264,11,24
264,12,87
264,13,89
264,2,79
264,3,60
264,4,59
264,5,39
264,6,27
264,7,65
264,8,18
264,9,55
266,0,74
266,1,78
266,10,43
266,11,23
266,12,86
266,13,88
266,2,78
266,3,61
266,4,60
266,5,40
266,6,28
266,7,66
266,8,17
266,9,54
268,0,73
268,1,77
268,10,42
268,11,22
268,12,85
268,13,87
268,2,77
268,3,62
268,4,61
268,5,41
268,6,29
268,7,67
268,8,16
268,9,53
270,0,72
270,1,76
270,10,41
270,11,23
270,12,84
270,13,86
270,2,76
270,3,63
270,4,62
270,5,42
270,6,30
270,7,68
270,8,15
270,9,52
272,0,71
272,1,75
272,10,40
272,11,24
272,12,83
272,13,85
272,2,75
272,3,64
272,4,63
272,5,43
272,6,31
272,7,69
272,8,14
272,9,51
274,0,70
274,1,74
274,10,39
274,11,25
274,12,82
274,13,84
274,2,74
274,3,65
274,4,64
274,5,44
274,6,32
274,7,70
274,8,13
274,9,50
276,0,69
276,1,73
276,10,38
276,11,26
276,12,81
276,13,83
276,2,73
276,3,66
276,4,65
276,5,45
276,6,33
276,7,71
276,8,12
276,9,49
278,0,70
278,1,72
278,10,37
278,11,27
278,12,80
278,13,82
278,2,72
278,3,67
278,4,66
278,5,46
278,6,34
278,7,72
278,8,11
278,9,48
280,0,71
280,1,71
280,10,36
280,11,28
280,12,79
280,13,81
280,14,84
280,2,71
280,3,68
280,4,67
280,5,47
280,6,35
280,7,73
280,8,10
280,9,47
282,0,72
282,1,70
282,10,35
282,11,29
282,12,78
282,13,80
282,14,83
282,2,70
282,3,69
282,4,68
282,5,48
282,6,36
282,7,74
282,8,9
282,9,46
284,0,73
284,1,69
284,10,34
284,11,30
284,12,77
284,13,79
284,14,82
284,2,71
284,3,70
284,4,69
284,5,49
284,6,37
284,7,75
284,8,10
284,9,45
286,0,74
286,1,68
286,10,33
286,11,31
286,12,76
286,13,78
286,14,81
286,2,72
286,3,71
286,4,70
286,5,50
286,6,38
286,7,76
286,8,11
286,9,44
288,0,75
288,1,67
288,10,32
288,11,32
288,12,75
288,13,77
288,14,80
288,2,73
288,3,72
288,4,71
288,5,51
288,6,39
288,7,77
288,8,12
288,9,43
290,0,76
290,1,66
290,10,31
290,11,33
290,12,74
290,13,76
290,14,79
290,2,74
290,3,73
290,4,72
290,5,52
290,6,40
290,7,78
290,8,13
290,9,42
292,0,77
292,1,65
292,10,30
292,11,34
292,12,73
292,13,75
292,14,78
292,2,75
292,3,74
292,4,73
292,5,53
292,6,41
292,7,79
292,8,14
292,9,41
294,0,78
294,1,64
294,10,29
294,11,35
294,12,72
294,13,74
294,14,77
294,2,76
294,3,75
294,4,74
294,5,54
294,6,42
294,7,80
294,8,15
294,9,40
296,0,79
296,1,63
296,10,28
296,11,36
296,12,71
296,13,73
296,14,76
296,2,77
296,3,76
296,4,75
296,5,55
296,6,43
296,7,81
296,8,16
296,9,39
298,0,80
298,1,62
298,10,27
298,11,37
298,12,70
298,13,72
298,14,75
298,2,78
298,3,77
298,4,76
298,5,56
298,6,44
298,7,80
298,8,17
298,9,38
300,0,81
300,1,61
300,10,26
300,11,38
300,12,69
300,13,71
300,14,74
300,15,97
300,2,79
300,3,78
300,4,77
300,5,57
300,6,45
300,7,79
300,8,18
300,9,37
302,0,80
302,1,60
302,10,25
302,11,39
302,12,68
302,13,70
302,14,73
302,15,96
302,2,80
302,3,79
302,4,78
302,5,58
302,6,46
302,7,78
302,8,19
302,9,36
304,0,79
304,1,59
304,10,24
304,11,40
304,12,67
304,13,69
304,14,72
304,15,95
304,2,81
304,3,80
304,4,79
304,5,59
304,6,47
304,7,77
304,8,20
304,9,35
306,0,78
306,1,58
306,10,23
306,11,41
306,12,66
306,13,68
306,14,71
306,15,94
306,2,80
306,3,81
306,4,80
306,5,60
306,6,48
306,7,76
306,8,21
306,9,34
308,0,77
308,1,57
308,10,22
308,11,42
308,12,65
308,13,67
308,14,70
308,15,93
308,2,79
308,3,80
308,4,81
308,5,61
308,6,49
308,7,75
308,8,22
308,9,33
310,0,76
310,1,56
310,10,21
310,11,43
310,12,64
310,13,66
310,14,69
310,15,92
310,2,78
310,3,79
310,4,80
310,5,62
310,6,50
310,7,74
310,8,23
310,9,32
312,0,75
312,1,55
312,10,20
312,11,44
312,12,63
312,13,65
312,14,68
312,15,91
312,2,77
312,3,78
312,4,79
312,5,63
312,6,51
312,7,73
312,8,24
312,9,31
314,0,74
314,1,54
314,10,19
314,11,45
314,12,62
314,13,64
314,14,67
314,15,90
314,2,76
314,3,77
314,4,78
314,5,64
314,6,52
314,7,72
314,8,25
314,9,30
316,0,73
316,1,53
316,10,18
316,11,46
316,12,61
316,13,63
316,14,66
316,15,89
316,2,75
316,3,76
316,4,77
316,5,65
316,6,53
316,7,71
316,8,26
316,9,29
318,0,72
318,1,52
318,10,17
318,11,47
318,12,60
318,13,62
318,14,65
318,15,88
318,2,74
318,3,75
318,4,76
318,5,66
318,6,54
318,7,70
318,8,27
318,9,28
320,0,71
320,1,51
320,10,16
320,11,48
320,12,59
320,13,61
320,14,64
320,15,87
320,16,42
320,2,73
320,3,74
320,4,75
320,5,67
320,6,55
320,7,69
320,8,28
320,9,27
322,0,70
322,1,50
322,10,15
322,11,49
322,12,58
322,13,60
322,14,63
322,15,86
322,16,41
322,2,72
322,3,73
322,4,74
322,5,68
322,6,56
322,7,68
322,8,29
322,9,26
324,0,69
324,1,49
324,10,14
324,11,50
324,12,57
324,13,59
324,14,62
324,15,85
324,16,40
324,2,71
324,3,72
324,4,73
324,5,69
324,6,57
324,7,67
324,8,30
324,9,25
326,0,68
326,1,48
326,10,13
326,11,51
326,12,56
326,13,58
326,14,61
326,15,84
326,16,39
326,2,70
326,3,71
326,4,72
326,5,70
326,6,58
326,7,66
326,8,31
326,9,24
328,0,67
328,1,47
328,10,12
328,11,52
328,12,55
328,13,57
328,14,60
328,15,83
328,16,38
328,2,69
328,3,70
328,4,71
328,5,71
328,6,59
328,7,65
328,8,32
328,9,23
330,0,66
330,1,46
330,10,11
330,11,53
330,12,54
330,13,56
330,14,59
330,15,82
330,16,37
330,2,68
330,3,69
330,4,70
330,5,72
330,6,60
330,7,66
330,8,33
330,9,22
332,0,65
332,1,45
332,10,10
332,11,54
332,12,53
332,13,55
332,14,58
332,15,81
332,16,36
332,2,67
332,3,70
332,4,69
332,5,73
332,6,61
332,7,67
332,8,34
332,9,21
334,0,64
334,1,44
334,10,9
334,11,55
334,12,52
334,13,54
334,14,57
334,15,80
334,16,35
334,2,66
334,3,71
334,4,68
334,5,74
334,6,62
334,7,68
334,8,35
334,9,20
336,0,63
336,1,43
336,10,10
336,11,56
336,12,51
336,13,53
336,14,56
336,15,79
336,16,34
336,2,65
336,3,72
336,4,67
336,5,75
336,6,63
336,7,69
336,8,36
336,9,19
338,0,62
338,1,42
338,10,11
338,11,57
338,12,50
338,13,52
338,14,55
338,15,78
338,16,33
338,2,64
338,3,73
338,4,66
338,5,76
338,6,64
338,7,70
338,8,37
338,9,18
340,0,61
340,1,41
340,10,12
340,11,58
340,12,49
340,13,51
340,14,54
340,15,77
340,16,32
340,17,54
340,2,63
340,3,74
340,4,65
340,5,77
340,6,65
340,7,71
340,8,38
340,9,17
342,0,62
342,1,40
342,10,13
342,11,59
342,12,48
342,13,50
342,14,53
342,15,76
342,16,31
342,17,53
342,2,62
342,3,75
342,4,64
342,5,78
342,6,66
342,7,72
342,8,39
342,9,16
344,0,63
344,1,39
344,10,14
344,11,60
344,12,47
344,13,49
344,14,52
344,15,75
344,16,30
344,17,52
344,2,61
344,3,76
344,4,63
344,5,79
344,6,67
344,7,73
344,8,40
344,9,15
346,0,64
346,1,38
346,10,15
346,11,61
346,12,46
346,13,48
346,14,51
346,15,74
346,16,29
346,17,51
346,2,60
346,3,77
346,4,62
346,5,80
346,6,68
346,7,74
346,8,41
346,9,14
348,0,65
348,1,37
348,10,16
348,11,62
348,12,45
348,13,47
348,14,50
348,15,73
348,16,28
348,17,50
348,2,59
348,3,78
348,4,61
348,5,81
348,6,69
348,7,75
348,8,42
348,9,13
350,0,66
350,1,36
350,10,17
350,11,63
350,12,44
350,13,46
350,14,49
350,15,72
350,16,27
350,17,49
350,2,58
350,3,79
350,4,60
350,5,80
350,6,70
350,7,76
350,8,43
350,9,14
352,0,67
352,1,35
352,10,18
352,11,64
352,12,43
352,13,45
352,14,48
352,15,71
352,16,26
352,17,48
352,2,59
352,3,80
352,4,59
352,5,79
352,6,71
352,7,77
352,8,44
352,9,15
354,0,68
354,1,34
354,10,19
354,11,65
354,12,42
354,13,44
354,14,47
354,15,70
354,16,25
354,17,47
354,2,60
354,3,81
354,4,60
354,5,78
354,6,72
354,7,78
354,8,45
354,9,16
356,0,69
356,1,33
356,10,20
356,11,66
356,12,41
356,13,43
356,14,46
356,15,69
356,16,24
356,17,46
356,2,61
356,3,80
356,4,61
356,5,77
356,6,73
356,7,79
356,8,46
356,9,17
358,0,70
358,1,32
358,10,21
358,11,67
358,12,40
358,13,42
358,14,45
358,15,68
358,16,23
358,17,45
358,2,62
358,3,79
358,4,62
358,5,76
358,6,74
358,7,80
358,8,47
358,9,18
360,0,71
360,1,31
360,10,22
360,11,68
360,12,39
360,13,41
360,14,44
360,15,67
360,16,22
360,17,44
360,18,60
360,2,63
360,3,78
360,4,63
360,5,75
360,6,75
360,7,81
360,8,48
360,9,19
362,0,72
362,1,30
362,10,23
362,11,69
362,12,38
362,13,40
362,14,43
362,15,66
362,16,21
362,17,43
362,18,59
362,2,64
362,3,77
362,4,64
362,5,74
362,6,76
362,7,80
362,8,49
362,9,20
364,0,73
364,1,29
364,10,24
364,11,70
364,12,37
364,13,39
364,14,42
364,15,65
364,16,22
364,17,42
364,18,58
364,2,65
364,3,76
364,4,65
364,5,73
364,6,77
364,7,79
364,8,50
364,9,21
366,0,74
366,1,28
366,10,25
366,11,71
366,12,36
366,13,38
366,14,41
366,15,64
366,16,23
366,17,41
366,18,57
366,2,66
366,3,75
366,4,66
366,5,72
366,6,78
366,7,78
366,8,51
366,9,22
368,0,75
368,1,27
368,10,26
368,11,72
368,12,35
368,13,37
368,14,40
368,15,63
368,16,24
368,17,40
368,18,56
368,2,67
368,3,74
368,4,67
368,5,71
368,6,79
368,7,77
368,8,52
368,9,23
370,0,76
370,1,26
370,10,27
370,11,73
370,12,34
370,13,36
370,14,39
370,15,62
370,16,25
370,17,39
370,18,55
370,2,68
370,3,73
370,4,68
370,5,70
370,6,80
370,7,76
370,8,53
370,9,24
372,0,77
372,1,25
372,10,28
372,11,74
372,12,33
372,13,35
372,14,38
372,15,61
372,16,26
372,17,38
372,18,54
372,2,69
372,3,72
372,4,69
372,5,69
372,6,81
372,7,75
372,8,54
372,9,25
374,0,78
374,1,24
374,10,29
374,11,75
374,12,32
374,13,34
374,14,37
374,15,60
374,16,27
374,17,37
374,18,53
374,2,70
374,3,71
374,4,70
374,5,68
374,6,80
374,7,74
374,8,55
374,9,26
376,0,79
376,1,23
376,10,30
376,11,76
376,12,31
376,13,33
376,14,36
376,15,59
376,16,28
376,17,36
376,18,52
376,2,71
376,3,70
376,4,71
376,5,67
376,6,79
376,7,73
376,8,56
376,9,27
378,0,80
378,1,22
378,10,31
378,11,77
378,12,30
378,13,32
378,14,35
378,15,58
378,16,29
378,17,35
378,18,51
378,2,72
378,3,69
378,4,72
378,5,66
378,6,78
378,7,72
378,8,57
378,9,28
380,0,81
380,1,21
380,10,32
380,11,78
380,12,29
380,13,31
380,14,34
380,15,57
380,16,30
380,17,34
380,18,50
380,19,79
380,2,73
380,3,68
380,4,73
380,5,65
380,6,77
380,7,71
380,8,58
380,9,29
382,0,80
382,1,20
382,10,33
382,11,79
382,12,28
382,13,30
382,14,33
382,15,56
382,16,31
382,17,33
382,18,49
382,19,78
382,2,74
382,3,67
382,4,74
382,5,64
382,6,76
382,7,70
382,8,59
382,9,30
384,0,79
384,1,19
384,10,34
384,11,80
384,12,27
384,13,29
384,14,32
384,15,55
384,16,32
384,17,32
384,18,48
384,19,77
384,2,75
384,3,66
384,4,75
384,5,63
384,6,75
384,7,69
384,8,60
384,9,31
386,0,78
386,1,18
386,10,35
386,11,81
386,12,26
386,13,28
386,14,31
386,15,54
386,16,33
386,17,31
386,18,47
386,19,76
386,2,76
386,3,65
386,4,76
386,5,62
386,6,74
386,7,68
386,8,61
386,9,32
388,0,77
388,1,17
388,10,36
388,11,80
388,12,25
388,13,27
388,14,30
388,15,53
388,16,34
388,17,30
388,18,46
388,19,75
388,2,77
388,3,64
388,4,77
388,5,61
388,6,73
388,7,67
388,8,62
388,9,33
390,0,76
390,1,16
390,10,37
390,11,79
390,12,24
390,13,26
390,14,29
390,15,52
390,16,35
390,17,29
390,18,45
390,19,74
390,2,78
390,3,63
390,4,78
390,5,60
390,6,72
390,7,68
390,8,63
390,9,34
392,0,75
392,1,15
392,10,38
392,11,78
392,12,23
392,13,25
392,14,28
392,15,51
392,16,36
392,17,28
392,18,44
392,19,73
392,2,79
392,3,62
392,4,79
392,5,59
392,6,71
392,7,69
392,8,64
392,9,35
394,0,74
394,1,16
394,10,39
394,11,77
394,12,22
394,13,24
394,14,27
394,15,50
394,16,37
394,17,27
394,18,43
394,19,72
394,2,80
394,3,63
394,4,80
394,5,58
394,6,70
394,7,70
394,8,65
394,9,36
396,0,73
396,1,17
396,10,40
396,11,76
396,12,21
396,13,23
396,14,26
396,15,49
396,16,38
396,17,26
396,18,42
396,19,71
396,2,81
396,3,64
396,4,81
396,5,57
396,6,69
396,7,71
396,8,66
396,9,37
398,0,72
398,1,18
398,10,41
398,11,75
398,12,20
398,13,22
398,14,25
398,15,48
398,16,39
398,17,25
398,18,41
398,19,70
398,2,80
398,3,65
398,4,80
398,5,56
398,6,68
398,7,72
398,8,67
398,9,38
400,0,71
400,1,19
400,10,42
400,11,74
400,12,19
400,13,21
400,14,24
400,15,47
400,16,40
400,17,24
400,18,40
400,19,69
400,2,79
400,3,66
400,4,79
400,5,55
400,6,67
400,7,73
400,8,68
400,9,39
402,0,70
402,1,20
402,10,43
402,11,73
402,12,18
402,13,20
402,14,23
402,15,46
402,16,41
402,17,23
402,18,39
402,19,68
402,2,78
402,3,67
402,4,78
402,5,54
402,6,66
402,7,74
402,8,69
402,9,40
404,0,69
404,1,21
404,10,44
404,11,72
404,12,17
404,13,19
404,14,22
404,15,45
404,16,42
404,17,22
404,18,38
404,19,67
404,2,77
404,3,68
404,4,77
404,5,53
404,6,65
404,7,75
404,8,70
404,9,41
406,0,68
406,1,22
406,10,45
406,11,71
406,12,16
406,13,20
406,14,21
406,15,44
406,16,43
406,17,21
406,18,37
406,19,66
406,2,76
406,3,69
406,4,76
406,5,52
406,6,64
406,7,76
406,8,71
406,9,42
408,0,67
408,1,23
408,10,46
408,11,70
408,12,17
408,13,21
408,14,20
408,15,43
408,16,44
408,17,20
408,18,36
408,19,65
408,2,75
408,3,70
408,4,75
408,5,51
408,6,63
408,7,77
408,8,72
408,9,43
410,0,66
410,1,24
410,10,47
410,11,69
410,12,18
410,13,22
410,14,19
410,15,42
410,16,45
410,17,19
410,18,35
410,19,64
410,2,74
410,3,71
410,4,74
410,5,50
410,6,62
410,7,78
410,8,73
410,9,44
412,0,65
412,1,25
412,10,48
412,11,68
412,12,19
412,13,23
412,14,18
412,15,41
412,16,46
412,17,18
412,18,34
412,19,63
412,2,73
412,3,72
412,4,73
412,5,49
412,6,61
412,7,79
412,8,74
412,9,45
414,0,66
414,1,26
414,10,49
414,11,69
414,12,20
414,13,24
414,14,17
414,15,40
414,16,47
414,17,17
414,18,33
414,19,62
414,2,72
414,3,73
414,4,72
414,5,50
414,6,60
414,7,80
414,8,75
414,9,46
416,0,67
416,1,27
416,10,50
416,11,70
416,12,21
416,13,25
416,14,16
416,15,39
416,16,48
416,17,16
416,18,32
416,19,61
416,2,71
416,3,74
416,4,71
416,5,51
416,6,61
416,7,81
416,8,76
416,9,47
418,0,68
418,1,28
418,10,51
418,11,71
418,12,22
418,13,26
418,14,15
418,15,38
418,16,49
418,17,15
418,18,31
418,19,60
418,2,70
418,3,75
418,4,70
418,5,52
418,6,62
418,7,80
418,8,77
418,9,48
420,0,69
420,1,29
420,10,52
420,11,72
420,12,23
420,13,27
420,14,14
420,15,37
420,16,50
420,17,14
420,18,30
420,19,59
420,2,69
420,3,76
420,4,69
420,5,53
420,6,63
420,7,79
420,8,78
420,9,49
422,0,70
422,1,30
422,10,53
422,11,73
422,12,24
422,13,28
422,14,13
422,15,36
422,16,51
422,17,13
422,18,29
422,19,58
422,2,68
422,3,77
422,4,68
422,5,54
422,6,64
422,7,78
422,8,79
422,9,50
424,0,71
424,1,31
424,10,54
424,11,74
424,12,25
424,13,29
424,14,12
424,15,35
424,16,52
424,17,12
424,18,28
424,19,57
424,2,67
424,3,78
424,4,67
424,5,55
424,6,65
424,7,77
424,8,80
424,9,51
426,0,72
426,1,32
426,10,55
426,11,75
426,12,26
426,13,30
426,14,11
426,15,34
426,16,53
426,17,11
426,18,27
426,19,56
426,2,66
426,3,79
426,4,68
426,5,56
426,6,66
426,7,76
426,8,81
426,9,52
428,0,73
428,1,33
428,10,56
428,11,76
428,12,27
428,13,31
428,14,10
428,15,33
428,16,54
428,17,10
428,18,26
428,19,55
428,2,65
428,3,80
428,4,69
428,5,57
428,6,67
428,7,75
428,8,80
428,9,53
430,0,74
430,1,34
430,10,57
430,11,77
430,12,28
430,13,32
430,14,9
430,15,32
430,16,55
430,17,11
430,18,25
430,19,54
430,2,64
430,3,81
430,4,70
430,5,58
430,6,68
430,7,74
430,8,79
430,9,54
432,0,75
432,1,35
432,10,58
432,11,78
432,12,29
432,13,33
432,14,8
432,15,31
432,16,56
432,17,12
432,18,24
432,19,53
432,2,63
432,3,80
432,4,71
432,5,59
432,6,69
432,7,73
432,8,78
432,9,55
434,0,76
434,1,36
434,10,59
434,11,79
434,12,30
434,13,34
434,14,7
434,15,30
434,16,57
434,17,13
434,18,23
434,19,52
434,2,62
434,3,79
434,4,72
434,5,60
434,6,70
434,7,72
434,8,77
434,9,56
436,0,77
436,1,37
436,10,60
436,11,80
436,12,31
436,13,35
436,14,6
436,15,29
436,16,58
436,17,14
436,18,22
436,19,51
436,2,61
436,3,78
436,4,73
436,5,61
436,6,71
436,7,71
436,8,76
436,9,57
438,0,78
438,1,38
438,10,61
438,11,81
438,12,32
438,13,36
438,14,5
438,15,28
438,16,59
438,17,15
438,18,21
438,19,50
438,2,60
438,3,77
438,4,74
438,5,62
438,6,72
438,7,70
438,8,75
438,9,58
440,0,79
440,1,39
440,10,62
440,11,80
440,12,33
440,13,37
440,14,6
440,15,27
440,16,60
440,17,16
440,18,20
440,19,49
440,2,59
440,3,76
440,4,75
440,5,63
440,6,73
440,7,69
440,8,74
440,9,59
442,0,80
442,1,40
442,10,63
442,11,79
442,12,34
442,13,38
442,14,7
442,15,26
442,16,61
442,17,17
442,18,19
442,19,48
442,2,58
442,3,75
442,4,76
442,5,64
442,6,74
442,7,68
442,8,73
442,9,60
444,0,81
444,1,41
444,10,64
444,11,78
444,12,35
444,13,39
444,14,8
444,15,25
444,16,62
444,17,18
444,18,18
444,19,47
444,2,57
444,3,74
444,4,77
444,5,65
444,6,75
444,7,67
444,8,72
444,9,61
446,0,80
446,1,42
446,10,65
446,11,77
446,12,36
446,13,40
446,14,9
446,15,24
446,16,63
446,17,19
446,18,17
446,19,46
446,2,56
446,3,73
446,4,78
446,5,66
446,6,76
446,7,66
446,8,71
446,9,62
448,0,79
448,1,43
448,10,66
448,11,76
448,12,37
448,13,41
448,14,10
448,15,25
448,16,64
448,17,20
448,18,16
448,19,45
448,2,55
448,3,72
448,4,79
448,5,67
448,6,77
448,7,65
448,8,70
448,9,63
450,0,78
450,1,44
450,10,67
450,11,75
450,12,38
450,13,42
450,14,11
450,15,26
450,16,65
450,17,21
450,18,15
450,19,44
450,2,54
450,3,71
450,4,80
450,5,68
450,6,78
450,7,64
450,8,69
450,9,64
452,0,77
452,1,45
452,10,68
452,11,74
452,12,39
452,13,43
452,14,12
452,15,27
452,16,66
452,17,22
452,18,14
452,19,43
452,2,53
452,3,70
452,4,81
452,5,69
452,6,79
452,7,63
452,8,68
452,9,65
454,0,76
454,1,46
454,10,69
454,11,73
454,12,40
454,13,44
454,14,13
454,15,28
454,16,67
454,17,23
454,18,13
454,19,42
454,2,52
454,3,69
454,4,80
454,5,70
454,6,80
454,7,62
454,8,67
454,9,66
456,0,75
456,1,47
456,10,70
456,11,72
456,12,41
456,13,45
456,14,14
456,15,29
456,16,68
456,17,24
456,18,12
456,19,41
456,2,51
456,3,68
456,4,79
456,5,71
456,6,81
456,7,61
456,8,66
456,9,67
458,0,74
458,1,48
458,10,71
458,11,71
458,12,42
458,13,46
458,14,15
458,15,30
458,16,69
458,17,25
458,18,11
458,19,40
458,2,50
458,3,67
458,4,78
458,5,72
458,6,80
458,7,60
458,8,65
458,9,68
460,0,73
460,1,49
460,10,72
460,11,70
460,12,43
460,13,47
460,14,16
460,15,31
460,16,70
460,17,26
460,18,12
460,19,39
460,2,49
460,3,66
460,4,77
460,5,73
460,6,79
460,7,61
460,8,64
460,9,69
462,0,72
462,1,50
462,10,73
462,11,71
462,12,44
462,13,48
462,14,17
462,15,32
462,16,71
462,17,27
462,18,13
462,19,38
462,2,48
462,3,65
462,4,76
462,5,74
462,6,78
462,7,62
462,8,63
462,9,70
464,0,71
464,1,51
464,10,74
464,11,72
464,12,45
464,13,49
464,14,18
464,15,33
464,16,72
464,17,28
464,18,14
464,19,37
464,2,47
464,3,64
464,4,75
464,5,75
464,6,77
464,7,63
464,8,62
464,9,71
466,0,70
466,1,52
466,10,75
466,11,73
466,12,46
466,13,50
466,14,19
466,15,34
466,16,73
466,17,29
466,18,15
466,19,36
466,2,46
466,3,63
466,4,74
466,5,76
466,6,76
466,7,64
466,8,61
466,9,72
468,0,69
468,1,53
468,10,76
468,11,74
468,12,47
468,13,51
468,14,20
468,15,35
468,16,74
468,17,30
468,18,16
468,19,35
468,2,45
468,3,62
468,4,73
468,5,77
468,6,75
468,7,65
468,8,60
468,9,73
470,0,70
470,1,54
470,10,77
470,11,75
470,12,48
470,13,52
470,14,21
470,15,36
470,16,75
470,17,31
470,18,17
470,19,34
470,2,44
470,3,61
470,4,72
470,5,78
470,6,74
470,7,66
470,8,61
470,9,74
472,0,71
472,1,55
472,10,78
472,11,76
472,12,49
472,13,53
472,14,22
472,15,37
472,16,76
472,17,32
472,18,18
472,19,33
472,2,43
472,3,60
472,4,71
472,5,79
472,6,73
472,7,67
472,8,62
472,9,75
474,0,72
474,1,56
474,10,79
474,11,77
474,12,50
474,13,54
474,14,23
474,15,38
474,16,77
474,17,33
474,18,19
474,19,32
474,2,42
474,3,59
474,4,70
474,5,80
474,6,72
474,7,68
474,8,63
474,9,76
476,0,73
476,1,57
476,10,80
476,11,78
476,12,51
476,13,55
476,14,24
476,15,39
476,16,78
476,17,34
476,18,20
476,19,31
476,2,41
476,3,58
476,4,69
476,5,81
476,6,71
476,7,69
476,8,64
476,9,77
478,0,74
478,1,58
478,10,81
478,11,79
478,12,52
478,13,56
478,14,25
478,15,40
478,16,79
478,17,35
478,18,21
478,19,30
478,2,40
478,3,57
478,4,68
478,5,80
478,6,70
478,7,70
478,8,65
478,9,78
480,0,75
480,1,59
480,10,80
480,11,80
480,12,53
480,13,57
480,14,26
480,15,41
480,16,80
480,17,36
480,18,22
480,19,29
480,2,39
480,3,56
480,4,67
480,5,79
480,6,69
480,7,71
480,8,66
480,9,79
482,0,76
482,1,60
482,10,79
482,11,81
482,12,54
482,13,58
482,14,27
482,15,42
482,16,81
482,17,37
482,18,23
482,19,28
482,2,38
482,3,55
482,4,66
482,5,78
482,6,68
482,7,72
482,8,67
482,9,80
484,0,77
484,1,61
484,10,78
484,11,80
484,12,55
484,13,59
484,14,28
484,15,43
484,16,80
484,17,38
484,18,24
484,19,27
484,2,37
484,3,54
484,4,65
484,5,77
484,6,67
484,7,73
484,8,68
484,9,81
486,0,78
486,1,62
486,10,77
486,11,79
486,12,56
486,13,60
486,14,29
486,15,44
486,16,79
486,17,39
486,18,25
486,19,26
486,2,36
486,3,53
486,4,64
486,5,76
486,6,66
486,7,74
486,8,69
486,9,80
488,0,79
488,1,63
488,10,76
488,11,78
488,12,57
488,13,61
488,14,30
488,15,45
488,16,78
488,17,40
488,18,26
488,19,25
488,2,35
488,3,52
488,4,63
488,5,75
488,6,65
488,7,75
488,8,70
488,9,79
490,0,80
490,1,64
490,10,75
490,11,77
490,12,58
490,13,62
490,14,31
490,15,46
490,16,77
490,17,41
490,18,27
490,19,24
490,2,34
490,3,51
490,4,62
490,5,74
490,6,64
490,7,76
490,8,71
490,9,78
492,0,81
492,1,65
492,10,74
492,11,76
492,12,59
492,13,63
492,14,32
492,15,47
492,16,76
492,17,42
492,18,28
492,19,23
492,2,33
492,3,50
492,4,63
492,5,73
492,6,63
492,7,77
492,8,72
492,9,77
494,0,80
494,1,66
494,10,73
494,11,75
494,12,60
494,13,64
494,14,33
494,15,48
494,16,75
494,17,43
494,18,29
494,19,22
494,2,32
494,3,51
494,4,64
494,5,72
494,6,62
494,7,78
494,8,73
494,9,76
496,0,79
496,1,67
496,10,72
496,11,74
496,12,61
496,13,65
496,14,34
496,15,49
496,16,74
496,17,44
496,18,30
496,19,21
496,2,31
496,3,52
496,4,65
496,5,71
496,6,61
496,7,79
496,8,74
496,9,75
498,0,78
498,1,68
498,10,71
498,11,73
498,12,62
498,13,66
498,14,35
498,15,50
498,16,73
498,17,45
498,18,31
498,19,20
498,2,30
498,3,53
498,4,66
498,5,70
498,6,60
498,7,80
498,8,75
498,9,74
500,0,77
500,1,69
500,10,70
500,11,72
500,12,63
500,13,67
500,14,36
500,15,51
500,16,72
500,17,46
500,18,32
500,19,19
500,2,29
500,3,54
500,4,67
500,5,69
500,6,59
500,7,81
500,8,76
500,9,73
502,0,76
502,1,70
502,10,69
502,11,71
502,12,64
502,13,68
502,14,37
502,15,52
502,16,71
502,17,47
502,18,33
502,19,18
502,2,28
502,3,55
502,4,68
502,5,68
502,6,58
502,7,80
502,8,77
502,9,72
504,0,75
504,1,71
504,10,68
504,11,70
504,12,65
504,13,69
504,14,38
504,15,53
504,16,70
504,17,48
504,18,34
504,19,17
504,2,27
504,3,56
504,4,69
504,5,67
504,6,57
504,7,79
504,8,78
504,9,71
506,0,74
506,1,72
506,10,67
506,11,69
506,12,66
506,13,70
506,14,39
506,15,54
506,16,69
506,17,49
506,18,35
506,19,16
506,2,26
506,3,57
506,4,70
506,5,66
506,6,56
506,7,78
506,8,79
506,9,70
508,0,73
508,1,73
508,10,66
508,11,68
508,12,67
508,13,71
508,14,40
508,15,55
508,16,68
508,17,50
508,18,36
508,19,17
508,2,25
508,3,58
508,4,71
508,5,65
508,6,55
508,7,77
508,8,80
508,9,69
510,0,72
510,1,74
510,10,65
510,11,67
510,12,68
510,13,72
510,14,41
510,15,56
510,16,67
510,17,51
510,18,37
510,19,18
510,2,24
510,3,59
510,4,72
510,5,64
510,6,54
510,7,76
510,8,81
510,9,68
512,0,71
512,1,75
512,10,64
512,11,66
512,12,69
512,13,73
512,14,42
512,15,57
512,16,66
512,17,52
512,18,38
512,19,19
512,2,23
512,3,60
512,4,73
512,5,63
512,6,53
512,7,75
512,8,80
512,9,67
514,0,70
514,1,76
514,10,63
514,11,65
514,12,70
514,13,74
514,14,43
514,15,58
514,16,65
514,17,53
514,18,39
514,19,20
514,2,22
514,3,61
514,4,74
514,5,62
514,6,52
514,7,74
514,8,79
514,9,66
516,0,69
516,1,77
516,10,64
516,11,64
516,12,71
516,13,75
516,14,44
516,15,59
516,16,64
516,17,54
516,18,40
516,19,21
516,2,21
516,3,62
516,4,75
516,5,61
516,6,51
516,7,73
516,8,78
516,9,65
518,0,68
518,1,78
518,10,65
518,11,63
518,12,72
518,13,76
518,14,45
518,15,60
518,16,63
518,17,55
518,18,41
518,19,22
518,2,20
518,3,63
518,4,76
518,5,60
518,6,50
518,7,72
518,8,77
518,9,64
520,0,67
520,1,79
520,10,66
520,11,62
520,12,73
520,13,77
520,14,46
520,15,61
520,16,64
520,17,56
520,18,42
520,19,23
520,2,19
520,3,64
520,4,77
520,5,59
520,6,49
520,7,71
520,8,76
520,9,63
522,0,66
522,1,80
522,10,67
522,11,61
522,12,74
522,13,78
522,14,47
522,15,62
522,16,65
522,17,57
522,18,43
522,19,24
522,2,18
522,3,65
522,4,78
522,5,58
522,6,48
522,7,70
522,8,75
522,9,62
524,0,65
524,1,81
524,10,68
524,11,60
524,12,75
524,13,79
524,14,48
524,15,63
524,16,66
524,17,58
524,18,44
524,19,25
524,2,17
524,3,66
524,4,79
524,5,57
524,6,47
524,7,69
524,8,74
524,9,61
526,0,64
526,1,80
526,10,69
526,11,59
526,12,76
526,13,80
526,14,49
526,15,64
526,16,67
526,17,59
526,18,45
526,19,26
526,2,16
526,3,67
526,4,80
526,5,56
526,6,46
526,7,68
526,8,73
526,9,62
528,0,63
528,1,79
528,10,70
528,11,58
528,12,77
528,13,81
528,14,50
528,15,65
528,16,68
528,17,60
528,18,46
528,19,27
528,2,17
528,3,68
528,4,81
528,5,55
528,6,45
528,7,67
528,8,72
528,9,63
530,0,62
530,1,78
530,10,71
530,11,57
530,12,78
530,13,80
530,14,51
530,15,66
530,16,69
530,17,61
530,18,47
530,19,28
530,2,18
530,3,69
530,4,80
530,5,54
530,6,44
530,7,68
530,8,71
530,9,64
532,0,61
532,1,77
532,10,72
532,11,58
532,12,79
532,13,79
532,14,52
532,15,67
532,16,70
532,17,62
532,18,48
532,19,29
532,2,19
532,3,70
532,4,79
532,5,53
532,6,43
532,7,69
532,8,70
532,9,65
534,0,60
534,1,76
534,10,73
534,11,59
534,12,80
534,13,78
534,14,53
534,15,68
534,16,71
534,17,63
534,18,49
534,19,30
534,2,20
534,3,71
534,4,78
534,5,52
534,6,42
534,7,70
534,8,69
534,9,66
536,0,59
536,1,75
536,10,74
536,11,60
536,12,81
536,13,77
536,14,54
536,15,69
536,16,72
536,17,64
536,18,50
536,19,31
536,2,21
536,3,72
536,4,77
536,5,51
536,6,41
536,7,71
536,8,68
536,9,67
538,0,58
538,1,74
538,10,75
538,11,61
538,12,80
538,13,76
538,14,55
538,15,70
538,16,73
538,17,65
538,18,51
538,19,32
538,2,22
538,3,73
538,4,76
538,5,50
538,6,40
538,7,72
538,8,67
538,9,68
540,0,57
540,1,73
540,10,76
540,11,62
540,12,79
540,13,75
540,14,56
540,15,71
540,16,74
540,17,66
540,18,52
540,19,33
540,2,23
540,3,74
540,4,75
540,5,49
540,6,39
540,7,73
540,8,66
540,9,69
542,0,56
542,1,72
542,10,77
542,11,63
542,12,78
542,13,74
542,14,57
542,15,72
542,16,75
542,17,67
542,18,53
542,19,34
542,2,24
542,3,75
542,4,74
542,5,48
542,6,38
542,7,74
542,8,65
542,9,70
544,0,55
544,1,71
544,10,78
544,11,64
544,12,77
544,13,73
544,14,58
544,15,73
544,16,76
544,17,68
544,18,54
544,19,35
544,2,25
544,3,76
544,4,73
544,5,47
544,6,37
544,7,75
544,8,64
544,9,71
546,0,54
546,1,70
546,10,79
546,11,65
546,12,76
546,13,72
546,14,59
546,15,74
546,16,77
546,17,69
546,18,55
546,19,36
546,2,26
546,3,77
546,4,72
546,5,46
546,6,36
546,7,76
546,8,63
546,9,72
548,0,53
548,1,69
548,10,80
548,11,66
548,12,75
548,13,71
548,14,60
548,15,75
548,16,78
548,17,70
548,18,56
548,19,37
548,2,27
548,3,78
548,4,71
548,5,45
548,6,35
548,7,77
548,8,62
548,9,73
550,0,52
550,1,70
550,10,81
550,11,67
550,12,74
550,13,70
550,14,61
550,15,76
550,16,79
550,17,71
550,18,57
550,19,38
550,2,28
550,3,79
550,4,70
550,5,44
550,6,34
550,7,78
550,8,61
550,9,74
552,0,51
552,1,71
552,10,80
552,11,68
552,12,73
552,13,71
552,14,62
552,15,77
552,16,80
552,17,72
552,18,58
552,19,39
552,2,29
552,3,80
552,4,69
552,5,43
552,6,33
552,7,79
552,8,60
552,9,75
554,0,50
554,1,72
554,10,79
554,11,69
554,12,72
554,13,72
554,14,63
554,15,78
554,16,81
554,17,73
554,18,59
554,19,40
554,2,30
554,3,81
554,4,68
554,5,42
554,6,32
554,7,80
554,8,59
554,9,76
556,0,49
556,1,73
556,10,78
556,11,70
556,12,71
556,13,73
556,14,64
556,15,79
556,16,80
556,17,74
556,18,60
556,19,41
556,2,31
556,3,80
556,4,67
556,5,41
556,6,31
556,7,81
556,8,58
556,9,77
558,0,48
558,1,74
558,10,77
558,11,71
558,12,70
558,13,74
558,14,65
558,15,80
558,16,79
558,17,75
558,18,61
558,19,42
558,2,32
558,3,79
558,4,66
558,5,40
558,6,30
558,7,80
558,8,57
558,9,78
560,0,47
560,1,75
560,10,76
560,11,72
560,12,69
560,13,75
560,14,66
560,15,81
560,16,78
560,17,76
560,18,62
560,19,43
560,2,33
560,3,78
560,4,65
560,5,39
560,6,29
560,7,79
560,8,56
560,9,79
562,0,46
562,1,76
562,10,75
562,11,73
562,12,68
562,13,76
562,14,67
562,15,80
562,16,77
562,17,77
562,18,63
562,19,44
562,2,34
562,3,77
562,4,64
562,5,38
562,6,28
562,7,78
562,8,55
562,9,80
564,0,45
564,1,77
564,10,74
564,11,74
564,12,69
564,13,77
564,14,68
564,15,79
564,16,76
564,17,78
564,18,64
564,19,45
564,2,35
564,3,76
564,4,63
564,5,37
564,6,27
564,7,77
564,8,56
564,9,81
566,0,44
566,1,78
566,10,73
566,11,75
566,12,70
566,13,78
566,14,69
566,15,78
566,16,75
566,17,79
566,18,65
566,19,46
566,2,36
566,3,75
566,4,62
566,5,36
566,6,26
566,7,76
566,8,57
566,9,80
568,0,43
568,1,79
568,10,72
568,11,76
568,12,71
568,13,79
568,14,70
568,15,77
568,16,74
568,17,80
568,18,66
568,19,47
568,2,37
568,3,74
568,4,61
568,5,35
568,6,25
568,7,75
568,8,58
568,9,79
570,0,42
570,1,80
570,10,71
570,11,77
570,12,72
570,13,80
570,14,71
570,15,76
570,16,73
570,17,81
570,18,67
570,19,48
570,2,38
570,3,73
570,4,60
570,5,34
570,6,24
570,7,74
570,8,59
570,9,78
572,0,41
572,1,81
572,10,70
572,11,78
572,12,73
572,13,81
572,14,72
572,15,75
572,16,72
572,17,80
572,18,68
572,19,49
572,2,39
572,3,72
572,4,59
572,5,33
572,6,23
572,7,73
572,8,60
572,9,77
574,0,40
574,1,80
574,10,69
574,11,79
574,12,74
574,13,80
574,14,73
574,15,74
574,16,71
574,17,79
574,18,69
574,19,50
574,2,40
574,3,71
574,4,58
574,5,32
574,6,22
574,7,72
574,8,61
574,9,76
576,0,39
576,1,79
576,10,68
576,11,80
576,12,75
576,13,79
576,14,74
576,15,73
576,16,70
576,17,78
576,18,70
576,19,51
576,2,41
576,3,70
576,4,57
576,5,31
576,6,21
576,7,71
576,8,62
576,9,75
578,0,38
578,1,78
578,10,67
578,11,81
578,12,76
578,13,78
578,14,75
578,15,72
578,16,69
578,17,77
578,18,71
578,19,52
578,2,42
578,3,69
578,4,56
578,5,30
578,6,20
578,7,70
578,8,63
578,9,74
580,0,37
580,1,77
580,10,66
580,11,80
580,12,77
580,13,77
580,14,76
580,15,71
580,16,68
580,17,76
580,18,72
580,19,53
580,2,43
580,3,68
580,4,55
580,5,29
580,6,19
580,7,69
580,8,64
580,9,73
582,0,36
582,1,76
582,10,65
582,11,79
582,12,78
582,13,76
582,14,77
582,15,70
582,16,69
582,17,75
582,18,73
582,19,54
582,2,44
582,3,67
582,4,54
582,5,28
582,6,18
582,7,68
582,8,65
582,9,72
584,0,35
584,1,75
584,10,64
584,11,78
584,12,79
584,13,75
584,14,78
584,15,69
584,16,70
584,17,74
584,18,74
584,19,55
584,2,45
584,3,66
584,4,53
584,5,27
584,6,17
584,7,67
584,8,66
584,9,71
586,0,34
586,1,74
586,10,63
586,11,77
586,12,80
586,13,74
586,14,79
586,15,68
586,16,71
586,17,73
586,18,75
586,19,56
586,2,46
586,3,65
586,4,52
586,5,26
586,6,16
586,7,66
586,8,67
586,9,70
588,0,33
588,1,73
588,10,62
588,11,76
588,12,81
588,13,73
588,14,80
588,15,69
588,16,72
588,17,72
588,18,76
588,19,57
588,2,47
588,3,64
588,4,51
588,5,25
588,6,15
588,7,65
588,8,68
588,9,69
590,0,32
590,1,72
590,10,61
590,11,75
590,12,80
590,13,72
590,14,81
590,15,70
590,16,73
590,17,71
590,18,77
590,19,58
590,2,48
590,3,65
590,4,50
590,5,24
590,6,14
590,7,64
590,8,69
590,9,68
592,0,31
592,1,71
592,10,60
592,11,74
592,12,79
592,13,71
592,14,80
592,15,71
592,16,74
592,17,70
592,18,78
592,19,59
592,2,49
592,3,66
592,4,49
592,5,23
592,6,13
592,7,63
592,8,70
592,9,67
594,0,30
594,1,70
594,10,61
594,11,73
594,12,78
594,13,70
594,14,79
594,15,72
594,16,75
594,17,69
594,18,79
594,19,60
594,2,50
594,3,67
594,4,48
594,5,22
594,6,12
594,7,62
594,8,71
594,9,66
596,0,29
596,1,69
596,10,62
596,11,72
596,12,77
596,13,69
596,14,78
596,15,73
596,16,76
596,17,68
596,18,80
596,19,61
596,2,51
596,3,68
596,4,47
596,5,21
596,6,11
596,7,61
596,8,72
596,9,65
598,0,28
598,1,68
598,10,63
598,11,71
598,12,76
598,13,68
598,14,77
598,15,74
598,16,77
598,17,67
598,18,81
598,19,62
598,2,52
598,3,69
598,4,48
598,5,20
598,6,10
598,7,60
598,8,73
598,9,64
600,0,27
600,1,67
600,10,64
600,11,70
600,12,75
600,13,67
600,14,76
600,15,75
600,16,78
600,17,66
600,18,80
600,19,63
600,2,53
600,3,70
600,4,49
600,5,19
600,6,9
600,7,59
600,8,74
600,9,63
602,0,26
602,1,66
602,10,65
602,11,69
602,12,74
602,13,66
602,14,75
602,15,76
602,16,79
602,17,65
602,18,79
602,19,64
602,2,54
602,3,71
602,4,50
602,5,18
602,6,8
602,7,58
602,8,75
602,9,62
604,0,25
604,1,65
604,10,66
604,11,70
604,12,73
604,13,65
604,14,74
604,15,77
604,16,80
604,17,64
604,18,78
604,19,65
604,2,55
604,3,72
604,4,51
604,5,17
604,6,7
604,7,57
604,8,76
604,9,61
606,0,24
606,1,64
606,10,67
606,11,71
606,12,72
606,13,64
606,14,73
606,15,78
606,16,81
606,17,63
606,18,77
606,19,66
606,2,56
606,3,73
606,4,52
606,5,16
606,6,6
606,7,56
606,8,77
606,9,62
608,0,23
608,1,63
608,10,68
608,11,72
608,12,71
608,13,63
608,14,72
608,15,79
608,16,80
608,17,64
608,18,76
608,19,67
608,2,57
608,3,74
608,4,53
608,5,17
608,6,5
608,7,55
608,8,78
608,9,63
610,0,22
610,1,62
610,10,69
610,11,73
610,12,70
610,13,62
610,14,71
610,15,80
610,16,79
610,17,65
610,18,75
610,19,68
610,2,58
610,3,75
610,4,54
610,5,18
610,6,4
610,7,54
610,8,79
610,9,64
612,0,21
612,1,61
612,10,70
612,11,74
612,12,71
612,13,63
612,14,70
612,15,81
612,16,78
612,17,66
612,18,74
612,19,69
612,2,59
612,3,76
612,4,55
612,5,19
612,6,5
612,7,53
612,8,80
612,9,65
614,0,20
614,1,60
614,10,71
614,11,75
614,12,72
614,13,64
614,14,69
614,15,80
614,16,77
614,17,67
614,18,73
614,19,70
614,2,60
614,3,77
614,4,56
614,5,20
614,6,6
614,7,54
614,8,81
614,9,66
616,0,19
616,1,59
616,10,72
616,11,76
616,12,73
616,13,65
616,14,68
616,15,79
616,16,76
616,17,68
616,18,72
616,19,71
616,2,61
616,3,78
616,4,57
616,5,21
616,6,7
616,7,55
616,8,80
616,9,67
618,0,18
618,1,58
618,10,73
618,11,77
618,12,74
618,13,66
618,14,69
618,15,78
618,16,75
618,17,69
618,18,71
618,19,72
618,2,62
618,3,79
618,4,58
618,5,22
618,6,8
618,7,56
618,8,79
618,9,68
620,0,17
620,1,57
620,10,74
620,11,78
620,12,75
620,13,67
620,14,70
620,15,77
620,16,74
620,17,70
620,18,70
620,19,73
620,2,63
620,3,80
620,4,59
620,5,23
620,6,9
620,7,57
620,8,78
620,9,69
622,0,16
622,1,56
622,10,75
622,11,79
622,12,76
622,13,68
622,14,71
622,15,76
622,16,73
622,17,71
622,18,69
622,19,74
622,2,64
622,3,81
622,4,60
622,5,24
622,6,10
622,7,58
622,8,77
622,9,70
624,0,15
624,1,55
624,10,76
624,11,80
624,12,77
624,13,69
624,14,72
624,15,75
624,16,72
624,17,72
624,18,68
624,19,75
624,2,65
624,3,80
624,4,61
624,5,25
624,6,11
624,7,59
624,8,76
624,9,71
626,0,14
626,1,54
626,10,77
626,11,81
626,12,78
626,13,70
626,14,73
626,15,74
626,16,71
626,17,73
626,18,67
626,19,76
626,2,66
626,3,79
626,4,62
626,5,26
626,6,12
626,7,60
626,8,75
626,9,72
628,0,13
628,1,53
628,10,78
628,11,80
628,12,79
628,13,71
628,14,74
628,15,73
628,16,70
628,17,74
628,18,66
628,19,77
628,2,67
628,3,78
628,4,63
628,5,27
628,6,13
628,7,61
628,8,74
628,9,73
630,0,12
630,1,52
630,10,79
630,11,79
630,12,80
630,13,72
630,14,75
630,15,72
630,16,69
630,17,75
630,18,65
630,19,78
630,2,68
630,3,77
630,4,64
630,5,28
630,6,14
630,7,62
630,8,73
630,9,74
632,0,11
632,1,51
632,10,80
632,11,78
632,12,81
632,13,73
632,14,76
632,15,71
632,16,68
632,17,76
632,18,64
632,19,79
632,2,69
632,3,76
632,4,65
632,5,29
632,6,15
632,7,63
632,8,72
632,9,75
634,0,10
634,1,50
634,10,81
634,11,77
634,12,80
634,13,74
634,14,77
634,15,70
634,16,67
634,17,77
634,18,63
634,19,80
634,2,70
634,3,75
634,4,66
634,5,30
634,6,16
634,7,64
634,8,71
634,9,76
636,0,9
636,1,49
636,10,80
636,11,76
636,12,79
636,13,75
636,14,78
636,15,69
636,16,66
636,17,78
636,18,62
636,19,81
636,2,71
636,3,74
636,4,67
636,5,31
636,6,17
636,7,65
636,8,70
636,9,77
638,0,8
638,1,48
638,10,79
638,11,75
638,12,78
638,13,76
638,14,79
638,15,68
638,16,65
638,17,79
638,18,63
638,19,80
638,2,72
638,3,73
638,4,68
638,5,32
638,6,18
638,7,66
638,8,69
638,9,78
640,0,7
640,1,47
640,10,78
640,11,74
640,12,77
640,13,77
640,14,80
640,15,67
640,16,64
640,17,80
640,18,64
640,19,79
640,2,73
640,3,72
640,4,69
640,5,33
640,6,19
640,7,67
640,8,68
640,9,79
642,0,6
642,1,46
642,10,77
642,11,73
642,12,76
642,13,78
642,14,81
642,15,66
642,16,63
642,17,81
642,18,65
642,19,78
642,2,74
642,3,71
642,4,70
642,5,34
642,6,20
642,7,68
642,8,67
642,9,80
644,0,5
644,1,45
644,10,76
644,11,72
644,12,75
644,13,79
644,14,80
644,15,65
644,16,62
644,17,80
644,18,66
644,19,77
644,2,75
644,3,70
644,4,71
644,5,35
644,6,21
644,7,69
644,8,66
644,9,81
646,0,6
646,1,44
646,10,75
646,11,71
646,12,74
646,13,80
646,14,79
646,15,64
646,16,61
646,17,79
646,18,67
646,19,76
646,2,76
646,3,69
646,4,72
646,5,36
646,6,22
646,7,70
646,8,65
646,9,80
648,0,7
648,1,43
648,10,74
648,11,70
648,12,73
648,13,81
648,14,78
648,15,63
648,16,60
648,17,78
648,18,68
648,19,75
648,2,77
648,3,70
648,4,73
648,5,37
648,6,23
648,7,71
648,8,64
648,9,79
650,0,8
650,1,42
650,10,73
650,11,69
650,12,72
650,13,80
650,14,77
650,15,62
650,16,61
650,17,77
650,18,69
650,19,74
650,2,78
650,3,71
650,4,74
650,5,38
650,6,24
650,7,72
650,8,63
650,9,78
652,0,9
652,1,41
652,10,72
652,11,68
652,12,71
652,13,79
652,14,76
652,15,61
652,16,62
652,17,76
652,18,70
652,19,73
652,2,79
652,3,72
652,4,75
652,5,39
652,6,25
652,7,73
652,8,64
652,9,77
654,0,10
654,1,40
654,10,71
654,11,67
654,12,70
654,13,78
654,14,75
654,15,62
654,16,63
654,17,75
654,18,71
654,19,72
654,2,80
654,3,73
654,4,76
654,5,40
654,6,26
654,7,74
654,8,65
654,9,76
656,0,11
656,1,39
656,10,70
656,11,66
656,12,69
656,13,77
656,14,74
656,15,63
656,16,64
656,17,74
656,18,72
656,19,71
656,2,81
656,3,74
656,4,77
656,5,41
656,6,27
656,7,75
656,8,66
656,9,75
658,0,12
658,1,38
658,10,69
658,11,65
658,12,68
658,13,76
658,14,73
658,15,64
658,16,65
658,17,73
658,18,73
658,19,70
658,2,80
658,3,75
658,4,78
658,5,42
658,6,28
658,7,76
658,8,67
658,9,74
660,0,13
660,1,37
660,10,68
660,11,64
660,12,67
660,13,75
660,14,72
660,15,65
660,16,66
660,17,72
660,18,74
660,19,69
660,2,79
660,3,76
660,4,79
660,5,43
660,6,29
660,7,77
660,8,68
660,9,73
662,0,14
662,1,36
662,10,67
662,11,63
662,12,66
662,13,74
662,14,71
662,15,66
662,16,67
662,17,71
662,18,75
662,19,68
662,2,78
662,3,77
662,4,80
662,5,44
662,6,30
662,7,78
662,8,69
662,9,72
664,0,15
664,1,35
664,10,66
664,11,62
664,12,65
664,13,73
664,14,70
664,15,67
664,16,68
664,17,70
664,18,76
664,19,67
664,2,77
664,3,78
664,4,81
664,5,45
664,6,31
664,7,79
664,8,70
664,9,71
666,0,16
666,1,34
666,10,65
666,11,61
666,12,64
666,13,72
666,14,69
666,15,68
666,16,69
666,17,69
666,18,77
666,19,66
666,2,76
666,3,79
666,4,80
666,5,46
666,6,32
666,7,80
666,8,71
666,9,70
668,0,17
668,1,33
668,10,64
668,11,60
668,12,63
668,13,71
668,14,68
668,15,69
668,16,70
668,17,68
668,18,78
668,19,65
668,2,75
668,3,80
668,4,79
668,5,47
668,6,33
668,7,81
668,8,72
668,9,69
670,0,18
670,1,32
670,10,63
670,11,59
670,12,62
670,13,70
670,14,67
670,15,70
670,16,71
670,17,67
670,18,79
670,19,64
670,2,74
670,3,81
670,4,78
670,5,48
670,6,34
670,7,80
670,8,73
670,9,68
672,0,19
672,1,31
672,10,62
672,11,58
672,12,61
672,13,69
672,14,66
672,15,71
672,16,72
672,17,66
672,18,80
672,19,65
672,2,73
672,3,80
672,4,77
672,5,49
672,6,35
672,7,79
672,8,74
672,9,67
674,0,20
674,1,30
674,10,63
674,11,59
674,12,60
674,13,70
674,14,65
674,15,72
674,16,73
674,17,65
674,18,81
674,19,66
674,2,72
674,3,79
674,4,76
674,5,50
674,6,36
674,7,78
674,8,75
674,9,66
676,0,21
676,1,29
676,10,64
676,11,60
676,12,59
676,13,71
676,14,64
676,15,73
676,16,74
676,17,64
676,18,80
676,19,67
676,2,71
676,3,78
676,4,75
676,5,51
676,6,37
676,7,77
676,8,76
676,9,65
678,0,22
678,1,28
678,10,65
678,11,61
678,12,60
678,13,72
678,14,63
678,15,74
678,16,75
678,17,63
678,18,79
678,19,68
678,2,70
678,3,77
678,4,74
678,5,52
678,6,38
678,7,76
678,8,77
678,9,64
680,0,23
680,1,27
680,10,66
680,11,62
680,12,61
680,13,73
680,14,62
680,15,75
680,16,76
680,17,62
680,18,78
680,19,69
680,2,69
680,3,76
680,4,73
680,5,53
680,6,39
680,7,75
680,8,78
680,9,63
682,0,24
682,1,26
682,10,67
682,11,63
682,12,62
682,13,74
682,14,61
682,15,76
682,16,77
682,17,61
682,18,77
682,19,70
682,2,68
682,3,75
682,4,72
682,5,54
682,6,40
682,7,74
682,8,79
682,9,62
684,0,25
684,1,25
684,10,68
684,11,64
684,12,63
684,13,75
684,14,60
684,15,77
684,16,78
684,17,60
684,18,76
684,19,71
684,2,67
684,3,74
684,4,71
684,5,55
684,6,41
684,7,73
684,8,80
684,9,61
686,0,26
686,1,24
686,10,69
686,11,65
686,12,64
686,13,76
686,14,59
686,15,78
686,16,79
686,17,59
686,18,75
686,19,72
686,2,66
686,3,73
686,4,70
686,5,56
686,6,42
686,7,72
686,8,81
686,9,60
688,0,27
688,1,23
688,10,70
688,11,66
688,12,65
688,13,77
688,14,58
688,15,79
688,16,80
688,17,58
688,18,74
688,19,73
688,2,65
688,3,72
688,4,69
688,5,57
688,6,43
688,7,71
688,8,80
688,9,59
690,0,28
690,1,22
690,10,71
690,11,67
690,12,66
690,13,78
690,14,57
690,15,80
690,16,81
690,17,57
690,18,73
690,19,74
690,2,64
690,3,71
690,4,70
690,5,58
690,6,44
690,7,70
690,8,79
690,9,58
692,0,29
692,1,21
692,10,72
692,11,68
692,12,67
692,13,79
692,14,56
692,15,81
692,16,80
692,17,58
692,18,72
692,19,75
692,2,63
692,3,70
692,4,71
692,5,59
692,6,45
692,7,69
692,8,78
692,9,57
694,0,30
694,1,20
694,10,73
694,11,69
694,12,68
694,13,80
694,14,55
694,15,80
694,16,79
694,17,59
694,18,71
694,19,76
694,2,64
694,3,69
694,4,72
694,5,60
694,6,46
694,7,68
694,8,77
694,9,56
696,0,31
696,1,19
696,10,74
696,11,70
696,12,69
696,13,81
696,14,54
696,15,79
696,16,78
696,17,60
696,18,70
696,19,77
696,2,65
696,3,68
696,4,73
696,5,61
696,6,47
696,7,67
696,8,76
696,9,55
698,0,32
698,1,18
698,10,75
698,11,71
698,12,70
698,13,80
698,14,53
698,15,78
698,16,77
698,17,61
698,18,69
698,19,78
698,2,66
698,3,67
698,4,74
698,5,62
698,6,48
698,7,66
698,8,75
698,9,54
700,0,33
700,1,17
700,10,76
700,11,72
700,12,71
700,13,79
700,14,52
700,15,77
700,16,76
700,17,62
700,18,68
700,19,79
700,2,67
700,3,66
700,4,75
700,5,63
700,6,49
700,7,65
700,8,74
700,9,53
702,0,34
702,1,18
702,10,77
702,11,73
702,12,72
702,13,78
702,14,51
702,15,76
702,16,75
702,17,63
702,18,67
702,19,80
702,2,68
702,3,65
702,4,76
702,5,64
702,6,50
702,7,64
702,8,73
702,9,52
704,0,35
704,1,19
704,10,78
704,11,74
704,12,73
704,13,77
704,14,50
704,15,75
704,16,74
704,17,64
704,18,66
704,19,81
704,2,69
704,3,64
704,4,77
704,5,65
704,6,51
704,7,63
704,8,72
704,9,51
706,0,36
706,1,20
706,10,79
706,11,75
706,12,74
706,13,76
706,14,49
706,15,74
706,16,73
706,17,65
706,18,65
706,19,80
706,2,70
706,3,63
706,4,78
706,5,66
706,6,52
706,7,62
706,8,71
706,9,50
708,0,37
708,1,21
708,10,80
708,11,76
708,12,75
708,13,75
708,14,48
708,15,73
708,16,72
708,17,66
708,18,64
708,19,79
708,2,71
708,3,62
708,4,79
708,5,67
708,6,53
708,7,61
708,8,70
708,9,49
710,0,38
710,1,22
710,10,81
710,11,77
710,12,76
710,13,74
710,14,47
710,15,72
710,16,71
710,17,67
710,18,65
710,19,78
710,2,72
710,3,61
710,4,80
710,5,68
710,6,54
710,7,60
710,8,69
710,9,48
712,0,39
712,1,23
712,10,80
712,11,78
712,12,77
712,13,73
712,14,46
712,15,71
712,16,70
712,17,68
712,18,66
712,19,77
712,2,73
712,3,60
712,4,81
712,5,69
712,6,55
712,7,59
712,8,68
712,9,47
714,0,40
714,1,24
714,10,79
714,11,79
714,12,78
714,13,72
714,14,45
714,15,70
714,16,69
714,17,69
714,18,67
714,19,76
714,2,74
714,3,59
714,4,80
714,5,70
714,6,56
714,7,60
714,8,67
714,9,46
716,0,41
716,1,25
716,10,78
716,11,80
716,12,79
716,13,71
716,14,44
716,15,69
716,16,68
716,17,70
716,18,68
716,19,75
716,2,75
716,3,58
716,4,79
716,5,71
716,6,57
716,7,61
716,8,66
716,9,45
718,0,42
718,1,26
718,10,77
718,11,81
718,12,80
718,13,70
718,14,43
718,15,68
718,16,67
718,17,71
718,18,69
718,19,74
718,2,76
718,3,57
718,4,78
718,5,72
718,6,58
718,7,62
718,8,65
718,9,44
720,0,43
720,1,27
720,10,76
720,11,80
720,12,81
720,13,69
720,14,42
720,15,67
720,16,66
720,17,72
720,18,70
720,19,73
720,2,77
720,3,58
720,4,77
720,5,73
720,6,59
720,7,63
720,8,64
720,9,43
722,0,44
722,1,28
722,10,75
722,11,79
722,12,80
722,13,68
722,14,41
722,15,68
722,16,65
722,17,73
722,18,71
722,19,72
722,2,78
722,3,59
722,4,76
722,5,74
722,6,60
722,7,64
722,8,63
722,9,42
724,0,45
724,1,29
724,10,74
724,11,78
724,12,79
724,13,67
724,14,40
724,15,69
724,16,64
724,17,74
724,18,72
724,19,71
724,2,79
724,3,60
724,4,75
724,5,75
724,6,61
724,7,65
724,8,62
724,9,41
726,0,46
726,1,30
726,10,73
726,11,77
726,12,78
726,13,66
726,14,39
726,15,70
726,16,63
726,17,75
726,18,73
726,19,70
726,2,80
726,3,61
726,4,74
726,5,76
726,6,62
726,7,66
726,8,61
726,9,40
728,0,47
728,1,31
728,10,72
728,11,76
728,12,77
728,13,65
728,14,38
728,15,71
728,16,62
728,17,76
728,18,74
728,19,69
728,2,81
728,3,62
728,4,73
728,5,77
728,6,63
728,7,67
728,8,60
728,9,39
730,0,48
730,1,32
730,10,71
730,11,75
730,12,76
730,13,66
730,14,37
730,15,72
730,16,61
730,17,77
730,18,75
730,19,68
730,2,80
730,3,63
730,4,72
730,5,78
730,6,64
730,7,68
730,8,59
730,9,38
732,0,49
732,1,33
732,10,70
732,11,74
732,12,75
732,13,67
732,14,36
732,15,73
732,16,60
732,17,78
732,18,76
732,19,67
732,2,79
732,3,64
732,4,71
732,5,79
732,6,65
732,7,69
732,8,58
732,9,37
734,0,50
734,1,34
734,10,69
734,11,73
734,12,74
734,13,68
734,14,35
734,15,74
734,16,59
734,17,79
734,18,77
734,19,66
734,2,78
734,3,65
734,4,70
734,5,80
734,6,66
734,7,70
734,8,57
734,9,36
736,0,51
736,1,35
736,10,68
736,11,72
736,12,73
736,13,69
736,14,34
736,15,75
736,16,58
736,17,80
736,18,78
736,19,65
736,2,77
736,3,66
736,4,69
736,5,81
736,6,67
736,7,71
736,8,56
736,9,35
738,0,52
738,1,36
738,10,67
738,11,71
738,12,72
738,13,70
738,14,33
738,15,76
738,16,57
738,17,81
738,18,79
738,19,64
738,2,76
738,3,67
738,4,68
738,5,80
738,6,68
738,7,72
738,8,55
738,9,34
740,0,53
740,1,37
740,10,66
740,11,70
740,12,71
740,13,71
740,14,32
740,15,77
740,16,56
740,17,80
740,18,80
740,19,63
740,2,75
740,3,68
740,4,67
740,5,79
740,6,69
740,7,73
740,8,54
740,9,33
742,0,54
742,1,38
742,10,65
742,11,71
742,12,70
742,13,72
742,14,31
742,15,78
742,16,55
742,17,79
742,18,81
742,19,62
742,2,74
742,3,69
742,4,66
742,5,78
742,6,70
742,7,74
742,8,53
742,9,32
744,0,55
744,1,39
744,10,64
744,11,72
744,12,71
744,13,73
744,14,30
744,15,79
744,16,54
744,17,78
744,18,80
744,19,61
744,2,73
744,3,70
744,4,65
744,5,77
744,6,71
744,7,75
744,8,52
744,9,31
746,0,56
746,1,40
746,10,63
746,11,73
746,12,72
746,13,74
746,14,29
746,15,80
746,16,53
746,17,77
746,18,79
746,19,60
746,2,72
746,3,71
746,4,64
746,5,76
746,6,72
746,7,76
746,8,51
746,9,30
748,0,57
748,1,41
748,10,62
748,11,74
748,12,73
748,13,75
748,14,28
748,15,81
748,16,52
748,17,76
748,18,78
748,19,59
748,2,71
748,3,72
748,4,63
748,5,75
748,6,73
748,7,77
748,8,50
748,9,29
750,0,58
750,1,42
750,10,61
750,11,75
750,12,74
750,13,76
750,14,27
750,15,80
750,16,51
750,17,75
750,18,77
750,19,58
750,2,70
750,3,73
750,4,62
750,5,74
750,6,74
750,7,78
750,8,49
750,9,28
752,0,59
752,1,43
752,10,60
752,11,76
752,12,75
752,13,77
752,14,26
752,15,79
752,16,50
752,17,74
752,18,76
752,19,57
752,2,69
752,3,74
752,4,61
752,5,73
752,6,75
752,7,79
752,8,48
752,9,27
754,0,60
754,1,44
754,10,59
754,11,77
754,12,76
754,13,78
754,14,25
754,15,78
754,16,49
754,17,73
754,18,75
754,19,56
754,2,68
754,3,75
754,4,60
754,5,72
754,6,76
754,7,80
754,8,47
754,9,26
756,0,61
756,1,45
756,10,58
756,11,78
756,12,77
756,13,79
756,14,24
756,15,77
756,16,48
756,17,72
756,18,74
756,19,55
756,2,67
756,3,76
756,4,59
756,5,71
756,6,77
756,7,81
756,8,46
756,9,25
758,0,62
758,1,46
758,10,57
758,11,79
758,12,78
758,13,80
758,14,23
758,15,76
758,16,47
758,17,71
758,18,73
758,19,54
758,2,66
758,3,77
758,4,58
758,5,70
758,6,78
758,7,80
758,8,45
758,9,24
760,0,63
760,1,47
760,10,56
760,11,80
760,12,79
760,13,81
760,14,22
760,15,75
760,16,46
760,17,70
760,18,72
760,19,53
760,2,65
760,3,78
760,4,57
760,5,69
760,6,79
760,7,79
760,8,44
760,9,23
762,0,64
762,1,48
762,10,55
762,11,81
762,12,80
762,13,80
762,14,21
762,15,74
762,16,45
762,17,69
762,18,71
762,19,54
762,2,64
762,3,79
762,4,58
762,5,68
762,6,80
762,7,78
762,8,43
762,9,22
764,0,65
764,1,49
764,10,54
764,11,80
764,12,81
764,13,79
764,14,20
764,15,73
764,16,44
764,17,68
764,18,70
764,19,55
764,2,63
764,3,80
764,4,59
764,5,69
764,6,81
764,7,77
764,8,42
764,9,21
766,0,66
766,1,50
766,10,53
766,11,79
766,12,80
766,13,78
766,14,19
766,15,72
766,16,43
766,17,67
766,18,69
766,19,56
766,2,62
766,3,81
766,4,60
766,5,70
766,6,80
766,7,76
766,8,41
766,9,20
768,0,67
768,1,51
768,10,52
768,11,78
768,12,79
768,13,77
768,14,18
768,15,71
768,16,42
768,17,66
768,18,68
768,19,57
768,2,61
768,3,80
768,4,61
768,5,71
768,6,79
768,7,75
768,8,40
768,9,19
770,0,68
770,1,52
770,10,51
770,11,77
770,12,78
770,13,76
770,14,17
770,15,70
770,16,41
770,17,65
770,18,67
770,19,58
770,2,60
770,3,79
770,4,62
770,5,72
770,6,78
770,7,74
770,8,39
770,9,18
772,0,69
772,1,53
772,10,50
772,11,76
772,12,77
772,13,75
772,14,16
772,15,69
772,16,40
772,17,64
772,18,66
772,19,59
772,2,59
772,3,78
772,4,63
772,5,73
772,6,77
772,7,73
772,8,38
772,9,17
774,0,70
774,1,54
774,10,49
774,11,75
774,12,76
774,13,74
774,14,15
774,15,68
774,16,39
774,17,63
774,18,65
774,19,60
774,2,58
774,3,77
774,4,64
774,5,74
774,6,76
774,7,72
774,8,37
774,9,16
776,0,71
776,1,55
776,10,48
776,11,74
776,12,75
776,13,73
776,14,14
776,15,67
776,16,38
776,17,62
776,18,66
776,19,61
776,2,57
776,3,76
776,4,65
776,5,75
776,6,75
776,7,71
776,8,36
776,9,15
778,0,72
778,1,56
778,10,47
778,11,73
778,12,74
778,13,72
778,14,13
778,15,66
778,16,37
778,17,61
778,18,67
778,19,62
778,2,56
778,3,75
778,4,66
778,5,76
778,6,74
778,7,70
778,8,35
778,9,14
780,0,73
780,1,57
780,10,46
780,11,72
780,12,73
780,13,71
780,14,12
780,15,65
780,16,36
780,17,60
780,18,68
780,19,63
780,2,55
780,3,74
780,4,67
780,5,77
780,6,73
780,7,69
780,8,34
780,9,13
782,0,74
782,1,58
782,10,45
782,11,71
782,12,72
782,13,70
782,14,11
782,15,64
782,16,35
782,17,59
782,18,69
782,19,64
782,2,54
782,3,73
782,4,68
782,5,78
782,6,72
782,7,68
782,8,33
782,9,14
784,0,75
784,1,59
784,10,44
784,11,70
784,12,71
784,13,69
784,14,10
784,15,63
784,16,34
784,17,58
784,18,70
784,19,65
784,2,53
784,3,72
784,4,69
784,5,79
784,6,71
784,7,67
784,8,32
784,9,15
786,0,76
786,1,60
786,10,43
786,11,69
786,12,70
786,13,68
786,14,9
786,15,62
786,16,33
786,17,57
786,18,71
786,19,66
786,2,52
786,3,71
786,4,70
786,5,80
786,6,70
786,7,68
786,8,31
786,9,16
788,0,77
788,1,61
788,10,42
788,11,68
788,12,69
788,13,67
788,14,8
788,15,61
788,16,32
788,17,56
788,18,72
788,19,67
788,2,51
788,3,70
788,4,71
788,5,81
788,6,69
788,7,69
788,8,30
788,9,17
790,0,78
790,1,62
790,10,41
790,11,67
790,12,70
790,13,66
790,14,7
790,15,60
790,16,31
790,17,55
790,18,73
790,19,68
790,2,50
790,3,69
790,4,72
790,5,80
790,6,68
790,7,70
790,8,29
790,9,18
792,0,79
792,1,63
792,10,40
792,11,66
792,12,71
792,13,65
792,14,6
792,15,59
792,16,30
792,17,54
792,18,74
792,19,69
792,2,49
792,3,68
792,4,73
792,5,79
792,6,67
792,7,71
792,8,28
792,9,19
794,0,80
794,1,64
794,10,39
794,11,65
794,12,72
794,13,64
794,14,5
794,15,58
794,16,29
794,17,55
794,18,75
794,19,70
794,2,48
794,3,67
794,4,74
794,5,78
794,6,66
794,7,72
794,8,27
794,9,20
796,0,81
796,1,65
796,10,38
796,11,64
796,12,73
796,13,63
796,14,4
796,15,59
796,16,28
796,17,56
796,18,76
796,19,71
796,2,47
796,3,66
796,4,75
796,5,77
796,6,67
796,7,73
796,8,26
796,9,21
798,0,80
798,1,66
798,10,37
798,11,63
798,12,74
798,13,62
798,14,3
798,15,60
798,16,27
798,17,57
798,18,77
798,19,72
798,2,46
798,3,65
798,4,76
798,5,76
798,6,68
798,7,74
798,8,25
798,9,22
800,0,79
800,1,67
800,10,36
800,11,62
800,12,75
800,13,61
800,14,2
800,15,61
800,16,26
800,17,58
800,18,78
800,19,73
800,2,45
800,3,64
800,4,77
800,5,75
800,6,69
800,7,75
800,8,24
800,9,23
802,0,78
802,1,68
802,10,35
802,11,61
802,12,76
802,13,60
802,14,1
802,15,62
802,16,25
802,17,59
802,18,79
802,19,74
802,2,44
802,3,63
802,4,78
802,5,74
802,6,70
802,7,76
802,8,23
802,9,24
804,0,77
804,1,69
804,10,34
804,11,60
804,12,77
804,13,59
804,14,0
804,15,63
804,16,24
804,17,60
804,18,80
804,19,75
804,2,43
804,3,62
804,4,79
804,5,73
804,6,71
804,7,77
804,8,22
804,9,25
806,0,76
806,1,70
806,10,33
806,11,59
806,12,78
806,13,58
806,14,-1
806,15,64
806,16,23
806,17,61
806,18,81
806,19,76
806,2,42
806,3,63
806,4,80
806,5,74
806,6,72
806,7,78
806,8,21
806,9,26
808,0,75
808,1,71
808,10,34
808,11,58
808,12,79
808,13,59
808,14,0
808,15,65
808,16,22
808,17,62
808,18,80
808,19,77
808,2,41
808,3,64
808,4,81
808,5,75
808,6,73
808,7,79
808,8,20
808,9,27
810,0,74
810,1,72
810,10,35
810,11,57
810,12,80
810,13,60
810,14,1
810,15,66
810,16,21
810,17,63
810,18,79
810,19,78
810,2,40
810,3,65
810,4,80
810,5,76
810,6,74
810,7,80
810,8,19
810,9,28
812,0,73
812,1,73
812,10,36
812,11,56
812,12,81
812,13,61
812,14,2
812,15,67
812,16,20
812,17,64
812,18,78
812,19,79
812,2,39
812,3,66
812,4,79
812,5,77
812,6,75
812,7,81
812,8,18
812,9,29
814,0,72
814,1,74
814,10,37
814,11,57
814,12,80
814,13,62
814,14,3
814,15,68
814,16,19
814,17,65
814,18,77
814,19,80
814,2,38
814,3,67
814,4,78
814,5,78
814,6,76
814,7,80
814,8,17
814,9,30
816,0,71
816,1,75
816,10,38
816,11,58
816,12,79
816,13,63
816,14,4
816,15,69
816,16,18
816,17,66
816,18,76
816,19,81
816,2,37
816,3,68
816,4,77
816,5,79
816,6,77
816,7,79
816,8,18
816,9,31
818,0,70
818,1,76
818,10,39
818,11,59
818,12,78
818,13,64
818,14,5
818,15,70
818,16,17
818,17,67
818,18,75
818,19,80
818,2,36
818,3,69
818,4,76
818,5,80
818,6,78
818,7,78
818,8,19
818,9,32
820,0,69
820,1,77
820,10,40
820,11,60
820,12,77
820,13,65
820,14,6
820,15,71
820,16,16
820,17,68
820,18,74
820,19,79
820,2,35
820,3,70
820,4,75
820,5,81
820,6,79
820,7,77
820,8,20
820,9,33
822,0,68
822,1,78
822,10,41
822,11,61
822,12,76
822,13,66
822,14,7
822,15,72
822,16,15
822,17,69
822,18,73
822,19,78
822,2,34
822,3,71
822,4,74
822,5,80
822,6,80
822,7,76
822,8,21
822,9,34
824,0,67
824,1,79
824,10,42
824,11,62
824,12,75
824,13,67
824,14,8
824,15,73
824,16,14
824,17,70
824,18,72
824,19,77
824,2,33
824,3,72
824,4,73
824,5,79
824,6,81
824,7,75
824,8,22
824,9,35
826,0,66
826,1,80
826,10,43
826,11,63
826,12,74
826,13,68
826,14,9
826,15,74
826,16,13
826,17,71
826,18,71
826,19,76
826,2,32
826,3,73
826,4,72
826,5,78
826,6,80
826,7,74
826,8,23
826,9,36
828,0,65
828,1,81
828,10,44
828,11,64
828,12,73
828,13,69
828,14,10
828,15,75
828,16,12
828,17,72
828,18,70
828,19,75
828,2,31
828,3,74
828,4,71
828,5,77
828,6,79
828,7,73
828,8,24
828,9,37
830,0,64
830,1,80
830,10,45
830,11,65
830,12,72
830,13,70
830,14,11
830,15,76
830,16,11
830,17,73
830,18,69
830,19,74
830,2,30
830,3,75
830,4,70
830,5,76
830,6,78
830,7,72
830,8,25
830,9,38
832,0,63
832,1,79
832,10,46
832,11,66
832,12,71
832,13,71
832,14,12
832,15,77
832,16,10
832,17,74
832,18,68
832,19,73
832,2,29
832,3,76
832,4,69
832,5,75
832,6,77
832,7,71
832,8,26
832,9,39
834,0,62
834,1,78
834,10,47
834,11,67
834,12,70
834,13,72
834,14,13
834,15,78
834,16,9
834,17,75
834,18,67
834,19,72
834,2,28
834,3,77
834,4,70
834,5,74
834,6,76
834,7,70
834,8,27
834,9,40
836,0,61
836,1,77
836,10,48
836,11,68
836,12,69
836,13,73
836,14,14
836,15,79
836,16,8
836,17,76
836,18,66
836,19,71
836,2,27
836,3,78
836,4,71
836,5,73
836,6,75
836,7,69
836,8,28
836,9,41
838,0,62
838,1,76
838,10,49
838,11,69
838,12,68
838,13,74
838,14,15
838,15,80
838,16,9
838,17,77
838,18,65
838,19,70
838,2,26
838,3,79
838,4,72
838,5,72
838,6,74
838,7,68
838,8,29
838,9,42
840,0,63
840,1,75
840,10,50
840,11,70
840,12,67
840,13,75
840,14,16
840,15,81
840,16,10
840,17,78
840,18,64
840,19,69
840,2,25
840,3,80
840,4,73
840,5,71
840,6,75
840,7,67
840,8,30
840,9,43
842,0,64
842,1,74
842,10,51
842,11,71
842,12,68
842,13,76
842,14,17
842,15,80
842,16,11
842,17,79
842,18,63
842,19,68
842,2,24
842,3,81
842,4,74
842,5,70
842,6,76
842,7,66
842,8,31
842,9,44
844,0,65
844,1,73
844,10,52
844,11,72
844,12,69
844,13,77
844,14,18
844,15,79
844,16,12
844,17,80
844,18,62
844,19,67
844,2,23
844,3,80
844,4,75
844,5,69
844,6,77
844,7,65
844,8,32
844,9,45
846,0,66
846,1,72
846,10,53
846,11,73
846,12,70
846,13,78
846,14,19
846,15,78
846,16,13
846,17,81
846,18,61
846,19,66
846,2,22
846,3,79
846,4,76
846,5,68
846,6,78
846,7,64
846,8,33
846,9,46
848,0,67
848,1,71
848,10,54
848,11,74
848,12,71
848,13,79
848,14,20
848,15,77
848,16,14
848,17,80
848,18,60
848,19,65
848,2,21
848,3,78
848,4,77
848,5,67
848,6,79
848,7,63
848,8,34
848,9,47
850,0,68
850,1,70
850,10,55
850,11,75
850,12,72
850,13,80
850,14,21
850,15,76
850,16,15
850,17,79
850,18,59
850,19,64
850,2,20
850,3,77
850,4,78
850,5,66
850,6,80
850,7,62
850,8,35
850,9,48
852,0,69
852,1,69
852,10,56
852,11,76
852,12,73
852,13,81
852,14,22
852,15,75
852,16,16
852,17,78
852,18,58
852,19,63
852,2,19
852,3,76
852,4,79
852,5,65
852,6,81
852,7,61
852,8,36
852,9,49
854,0,70
854,1,68
854,10,57
854,11,77
854,12,74
854,13,80
854,14,23
854,15,74
854,16,17
854,17,77
854,18,57
854,19,64
854,2,18
854,3,75
854,4,80
854,5,64
854,6,80
854,7,60
854,8,37
854,9,50
856,0,71
856,1,67
856,10,58
856,11,78
856,12,75
856,13,79
856,14,24
856,15,73
856,16,18
856,17,76
856,18,56
856,19,65
856,2,17
856,3,74
856,4,81
856,5,63
856,6,79
856,7,59
856,8,38
856,9,51
858,0,72
858,1,66
858,10,59
858,11,79
858,12,76
858,13,78
858,14,25
858,15,72
858,16,19
858,17,75
858,18,55
858,19,66
858,2,16
858,3,73
858,4,80
858,5,62
858,6,78
858,7,58
858,8,39
858,9,52
860,0,73
860,1,65
860,10,60
860,11,80
860,12,77
860,13,77
860,14,26
860,15,71
860,16,20
860,17,74
860,18,54
860,19,67
860,2,15
860,3,72
860,4,79
860,5,61
860,6,77
860,7,57
860,8,40
860,9,53
862,0,74
862,1,64
862,10,61
862,11,81
862,12,78
862,13,76
862,14,27
862,15,70
862,16,21
862,17,73
862,18,53
862,19,68
862,2,14
862,3,71
862,4,78
862,5,60
862,6,76
862,7,56
862,8,41
862,9,54
864,0,75
864,1,63
864,10,62
864,11,80
864,12,79
864,13,75
864,14,28
864,15,69
864,16,22
864,17,72
864,18,52
864,19,69
864,2,13
864,3,70
864,4,77
864,5,59
864,6,75
864,7,55
864,8,42
864,9,55
866,0,76
866,1,62
866,10,63
866,11,79
866,12,80
866,13,74
866,14,29
866,15,68
866,16,23
866,17,71
866,18,51
866,19,70
866,2,14
866,3,69
866,4,76
866,5,60
866,6,74
866,7,56
866,8,43
866,9,56
868,0,77
868,1,61
868,10,64
868,11,78
868,12,81
868,13,73
868,14,30
868,15,67
868,16,24
868,17,70
868,18,50
868,19,71
868,2,15
868,3,68
868,4,75
868,5,61
868,6,73
868,7,57
868,8,44
868,9,57
870,0,78
870,1,60
870,10,65
870,11,77
870,12,80
870,13,72
870,14,31
870,15,66
870,16,25
870,17,69
870,18,49
870,19,72
870,2,16
870,3,67
870,4,74
870,5,62
870,6,72
870,7,58
870,8,45
870,9,58
872,0,79
872,1,59
872,10,66
872,11,76
872,12,79
872,13,71
872,14,32
872,15,65
872,16,26
872,17,68
872,18,48
872,19,73
872,2,17
872,3,66
872,4,73
872,5,63
872,6,71
872,7,59
872,8,46
872,9,59
874,0,80
874,1,58
874,10,67
874,11,75
874,12,78
874,13,70
874,14,33
874,15,64
874,16,27
874,17,67
874,18,47
874,19,74
874,2,18
874,3,65
874,4,72
874,5,64
874,6,70
874,7,60
874,8,47
874,9,60
876,0,81
876,1,57
876,10,68
876,11,74
876,12,77
876,13,69
876,14,34
876,15,63
876,16,28
876,17,66
876,18,46
876,19,75
876,2,19
876,3,64
876,4,71
876,5,65
876,6,69
876,7,61
876,8,48
876,9,61
878,0,80
878,1,56
878,10,69
878,11,73
878,12,76
878,13,68
878,14,35
878,15,62
878,16,29
878,17,67
878,18,45
878,19,76
878,2,20
878,3,65
878,4,70
878,5,66
878,6,68
878,7,62
878,8,49
878,9,62
880,0,79
880,1,55
880,10,70
880,11,72
880,12,75
880,13,67
880,14,36
880,15,61
880,16,30
880,17,68
880,18,44
880,19,77
880,2,21
880,3,66
880,4,69
880,5,67
880,6,67
880,7,63
880,8,50
880,9,63
882,0,78
882,1,56
882,10,71
882,11,71
882,12,74
882,13,66
882,14,37
882,15,60
882,16,31
882,17,69
882,18,43
882,19,78
882,2,22
882,3,67
882,4,70
882,5,68
882,6,66
882,7,64
882,8,51
882,9,64
884,0,77
884,1,57
884,10,72
884,11,70
884,12,73
884,13,67
884,14,38
884,15,59
884,16,32
884,17,70
884,18,42
884,19,79
884,2,23
884,3,68
884,4,71
884,5,69
884,6,65
884,7,65
884,8,52
884,9,65
886,0,76
886,1,58
886,10,73
886,11,71
886,12,72
886,13,68
886,14,39
886,15,58
886,16,33
886,17,71
886,18,41
886,19,80
886,2,24
886,3,69
886,4,72
886,5,70
886,6,66
886,7,66
886,8,53
886,9,66
888,0,75
888,1,59
888,10,74
888,11,72
888,12,71
888,13,69
888,14,40
888,15,57
888,16,34
888,17,72
888,18,40
888,19,81
888,2,25
888,3,70
888,4,73
888,5,71
888,6,67
888,7,67
888,8,54
888,9,67
890,0,74
890,1,60
890,10,75
890,11,73
890,12,70
890,13,70
890,14,41
890,15,56
890,16,35
890,17,73
890,18,39
890,19,80
890,2,26
890,3,71
890,4,74
890,5,72
890,6,68
890,7,68
890,8,55
890,9,68
892,0,75
892,1,61
892,10,76
892,11,74
892,12,69
892,13,71
892,14,42
892,15,57
892,16,36
892,17,74
892,18,38
892,19,79
892,2,27
892,3,72
892,4,75
892,5,73
892,6,69
892,7,69
892,8,56
892,9,69
894,0,76
894,1,62
894,10,77
894,11,75
894,12,68
894,13,72
894,14,43
894,15,58
894,16,37
894,17,75
894,18,37
894,19,78
894,2,28
894,3,73
894,4,76
894,5,74
894,6,70
894,7,70
894,8,57
894,9,70
896,0,77
896,1,63
896,10,78
896,11,76
896,12,69
896,13,73
896,14,44
896,15,59
896,16,38
896,17,76
896,18,36
896,19,77
896,2,29
896,3,74
896,4,77
896,5,75
896,6,71
896,7,71
896,8,58
896,9,71
898,0,78
898,1,64
898,10,79
898,11,77
898,12,70
898,13,74
898,14,45
898,15,60
898,16,39
898,17,77
898,18,35
898,19,76
898,2,30
898,3,75
898,4,78
898,5,76
898,6,72
898,7,72
898,8,59
898,9,72
900,0,79
900,1,65
900,10,80
900,11,78
900,12,71
900,13,75
900,14,46
900,15,61
900,16,40
900,17,78
900,18,34
900,19,75
900,2,31
900,3,76
900,4,79
900,5,77
900,6,73
900,7,73
900,8,60
900,9,73
902,0,80
902,1,66
902,10,81
902,11,79
902,12,72
902,13,76
902,14,47
902,15,62
902,16,41
902,17,79
902,18,33
902,19,74
902,2,32
902,3,77
902,4,80
902,5,78
902,6,74
902,7,74
902,8,61
902,9,74
904,0,81
904,1,67
904,10,80
904,11,80
904,12,73
904,13,77
904,14,48
904,15,63
904,16,42
904,17,80
904,18,32
904,19,73
904,2,33
904,3,78
904,4,81
904,5,79
904,6,75
904,7,75
904,8,62
904,9,75
906,0,80
906,1,68
906,10,79
906,11,81
906,12,74
906,13,78
906,14,49
906,15,64
906,16,43
906,17,81
906,18,31
906,19,72
906,2,34
906,3,79
906,4,80
906,5,80
906,6,76
906,7,76
906,8,63
906,9,76
908,0,79
908,1,69
908,10,78
908,11,80
908,12,75
908,13,79
908,14,50
908,15,65
908,16,44
908,17,80
908,18,30
908,19,71
908,2,35
908,3,80
908,4,79
908,5,81
908,6,77
908,7,77
908,8,64
908,9,77
910,0,78
910,1,70
910,10,77
910,11,79
910,12,76
910,13,80
910,14,51
910,15,66
910,16,45
910,17,79
910,18,29
910,19,70
910,2,36
910,3,81
910,4,78
910,5,80
910,6,78
910,7,78
910,8,65
910,9,78
912,0,77
912,1,71
912,10,76
912,11,78
912,12,77
912,13,81
912,14,52
912,15,67
912,16,46
912,17,78
912,18,28
912,19,69
912,2,37
912,3,80
912,4,77
912,5,79
912,6,79
912,7,79
912,8,66
912,9,79
914,0,76
914,1,72
914,10,75
914,11,77
914,12,78
914,13,80
914,14,53
914,15,68
914,16,47
914,17,77
914,18,27
914,19,68
914,2,38
914,3,79
914,4,76
914,5,78
914,6,80
914,7,80
914,8,67
914,9,80
916,0,75
916,1,73
916,10,74
916,11,76
916,12,79
916,13,79
916,14,54
916,15,69
916,16,48
916,17,76
916,18,26
916,19,67
916,2,39
916,3,78
916,4,75
916,5,77
916,6,81
916,7,81
916,8,68
916,9,81
918,0,74
918,1,74
918,10,73
918,11,75
918,12,80
918,13,78
918,14,55
918,15,70
918,16,49
918,17,75
918,18,25
918,19,66
918,2,40
918,3,77
918,4,74
918,5,76
918,6,80
918,7,80
918,8,69
918,9,80
920,0,73
920,1,75
920,10,72
920,11,74
920,12,81
920,13,77
920,14,56
920,15,71
920,16,50
920,17,74
920,18,24
920,19,65
920,2,41
920,3,76
920,4,73
920,5,75
920,6,79
920,7,79
920,8,70
920,9,79
922,0,72
922,1,76
922,10,71
922,11,73
922,12,80
922,13,76
922,14,57
922,15,72
922,16,51
922,17,73
922,18,23
922,19,64
922,2,42
922,3,75
922,4,72
922,5,74
922,6,78
922,7,78
922,8,71
922,9,78
924,0,71
924,1,77
924,10,70
924,11,72
924,12,79
924,13,75
924,14,58
924,15,73
924,16,52
924,17,72
924,18,22
924,19,63
924,2,43
924,3,74
924,4,71
924,5,73
924,6,77
924,7,77
924,8,72
924,9,77
926,0,70
926,1,78
926,10,69
926,11,71
926,12,78
926,13,74
926,14,59
926,15,74
926,16,53
926,17,71
926,18,21
926,19,62
926,2,44
926,3,73
926,4,70
926,5,72
926,6,76
926,7,76
926,8,73
926,9,76
928,0,69
928,1,79
928,10,68
928,11,70
928,12,77
928,13,73
928,14,60
928,15,75
928,16,54
928,17,70
928,18,20
928,19,61
928,2,45
928,3,72
928,4,69
928,5,71
928,6,75
928,7,75
928,8,74
928,9,75
930,0,68
930,1,80
930,10,67
930,11,69
930,12,76
930,13,72
930,14,61
930,15,76
930,16,55
930,17,69
930,18,19
930,19,60
930,2,46
930,3,71
930,4,68
930,5,70
930,6,74
930,7,74
930,8,75
930,9,74
932,0,67
932,1,81
932,10,66
932,11,68
932,12,75
932,13,71
932,14,62
932,15,77
932,16,56
932,17,68
932,18,18
932,19,59
932,2,47
932,3,70
932,4,67
932,5,69
932,6,73
932,7,73
932,8,76
932,9,73
934,0,66
934,1,80
934,10,65
934,11,67
934,12,74
934,13,70
934,14,63
934,15,78
934,16,57
934,17,67
934,18,17
934,19,58
934,2,48
934,3,69
934,4,68
934,5,68
934,6,72
934,7,72
934,8,77
934,9,72
936,0,65
936,1,79
936,10,64
936,11,66
936,12,73
936,13,69
936,14,64
936,15,79
936,16,58
936,17,66
936,18,16
936,19,57
936,2,49
936,3,68
936,4,69
936,5,67
936,6,71
936,7,71
936,8,78
936,9,71
938,0,64
938,1,78
938,10,63
938,11,65
938,12,72
938,13,68
938,14,65
938,15,80
938,16,59
938,17,65
938,18,15
938,19,58
938,2,50
938,3,67
938,4,70
938,5,66
938,6,70
938,7,70
938,8,79
938,9,70
940,0,63
940,1,77
940,10,62
940,11,66
940,12,71
940,13,67
940,14,66
940,15,81
940,16,60
940,17,64
940,18,14
940,19,59
940,2,51
940,3,66
940,4,71
940,5,65
940,6,69
940,7,69
940,8,80
940,9,69
942,0,62
942,1,76
942,10,63
942,11,67
942,12,70
942,13,66
942,14,67
942,15,80
942,16,61
942,17,63
942,18,13
942,19,60
942,2,52
942,3,65
942,4,72
942,5,64
942,6,68
942,7,68
942,8,81
942,9,68
944,0,61
944,1,75
944,10,64
944,11,68
944,12,69
944,13,65
944,14,68
944,15,79
944,16,62
944,17,62
944,18,12
944,19,61
944,2,53
944,3,64
944,4,73
944,5,63
944,6,67
944,7,67
944,8,80
944,9,67
946,0,60
946,1,74
946,10,65
946,11,69
946,12,68
946,13,64
946,14,69
946,15,78
946,16,63
946,17,63
946,18,11
946,19,62
946,2,54
946,3,63
946,4,74
946,5,62
946,6,66
946,7,66
946,8,79
946,9,66
948,0,59
948,1,73
948,10,66
948,11,70
948,12,67
948,13,63
948,14,70
948,15,77
948,16,64
948,17,64
948,18,10
948,19,63
948,2,55
948,3,62
948,4,75
948,5,61
948,6,65
948,7,65
948,8,78
948,9,65
950,0,58
950,1,72
950,10,67
950,11,71
950,12,66
950,13,62
950,14,71
950,15,76
950,16,65
950,17,65
950,18,11
950,19,64
950,2,56
950,3,61
950,4,76
950,5,62
950,6,64
950,7,64
950,8,77
950,9,64
952,0,57
952,1,71
952,10,68
952,11,72
952,12,65
952,13,61
952,14,72
952,15,75
952,16,66
952,17,66
952,18,12
952,19,65
952,2,57
952,3,60
952,4,77
952,5,63
952,6,63
952,7,63
952,8,76
952,9,63
954,0,56
954,1,70
954,10,69
954,11,73
954,12,64
954,13,60
954,14,73
954,15,74
954,16,67
954,17,67
954,18,13
954,19,66
954,2,58
954,3,59
954,4,78
954,5,64
954,6,62
954,7,62
954,8,75
954,9,62
956,0,55
956,1,71
956,10,70
956,11,74
956,12,63
956,13,59
956,14,74
956,15,73
956,16,68
956,17,68
956,18,14
956,19,67
956,2,59
956,3,58
956,4,79
956,5,65
956,6,63
956,7,61
956,8,74
956,9,61
958,0,54
958,1,72
958,10,71
958,11,75
958,12,62
958,13,60
958,14,75
958,15,72
958,16,69
958,17,69
958,18,15
958,19,68
958,2,60
958,3,57
958,4,80
958,5,66
958,6,64
958,7,60
958,8,73
958,9,60
960,0,53
960,1,73
960,10,72
960,11,76
960,12,61
960,13,61
960,14,76
960,15,71
960,16,70
960,17,70
960,18,16
960,19,69
960,2,61
960,3,56
960,4,81
960,5,67
960,6,65
960,7,61
960,8,72
960,9,59
962,0,52
962,1,74
962,10,73
962,11,77
962,12,60
962,13,62
962,14,77
962,15,70
962,16,71
962,17,71
962,18,17
962,19,70
962,2,62
962,3,55
962,4,80
962,5,68
962,6,66
962,7,62
962,8,71
962,9,60
964,0,51
964,1,75
964,10,74
964,11,78
964,12,59
964,13,63
964,14,78
964,15,69
964,16,72
964,17,72
964,18,18
964,19,71
964,2,63
964,3,54
964,4,79
964,5,69
964,6,67
964,7,63
964,8,70
964,9,61
966,0,52
966,1,76
966,10,75
966,11,79
966,12,58
966,13,64
966,14,79
966,15,68
966,16,73
966,17,73
966,18,19
966,19,72
966,2,64
966,3,53
966,4,78
966,5,70
966,6,68
966,7,64
966,8,69
966,9,62
968,0,53
968,1,77
968,10,76
968,11,80
968,12,57
968,13,65
968,14,80
968,15,67
968,16,74
968,17,74
968,18,20
968,19,73
968,2,65
968,3,52
968,4,77
968,5,71
968,6,69
968,7,65
968,8,68
968,9,63
970,0,54
970,1,78
970,10,77
970,11,81
970,12,56
970,13,66
970,14,81
970,15,66
970,16,75
970,17,75
970,18,21
970,19,74
970,2,66
970,3,51
970,4,76
970,5,72
970,6,70
970,7,66
970,8,67
970,9,64
972,0,55
972,1,79
972,10,78
972,11,80
972,12,55
972,13,67
972,14,80
972,15,65
972,16,76
972,17,76
972,18,22
972,19,75
972,2,67
972,3,50
972,4,75
972,5,73
972,6,71
972,7,67
972,8,66
972,9,65
974,0,56
974,1,80
974,10,79
974,11,79
974,12,56
974,13,68
974,14,79
974,15,64
974,16,77
974,17,77
974,18,23
974,19,76
974,2,68
974,3,49
974,4,74
974,5,74
974,6,72
974,7,68
974,8,65
974,9,66
976,0,57
976,1,81
976,10,80
976,11,78
976,12,57
976,13,69
976,14,78
976,15,63
976,16,78
976,17,78
976,18,24
976,19,77
976,2,69
976,3,48
976,4,73
976,5,75
976,6,73
976,7,69
976,8,64
976,9,67
978,0,58
978,1,80
978,10,81
978,11,77
978,12,58
978,13,70
978,14,77
978,15,62
978,16,79
978,17,79
978,18,25
978,19,78
978,2,70
978,3,47
978,4,72
978,5,76
978,6,74
978,7,70
978,8,63
978,9,68
980,0,59
980,1,79
980,10,80
980,11,76
980,12,59
980,13,71
980,14,76
980,15,61
980,16,80
980,17,80
980,18,26
980,19,79
980,2,71
980,3,48
980,4,71
980,5,77
980,6,75
980,7,71
980,8,62
980,9,69
982,0,60
982,1,78
982,10,79
982,11,75
982,12,60
982,13,72
982,14,75
982,15,60
982,16,81
982,17,81
982,18,27
982,19,80
982,2,72
982,3,49
982,4,70
982,5,78
982,6,76
982,7,72
982,8,61
982,9,70
984,0,61
984,1,77
984,10,78
984,11,74
984,12,61
984,13,73
984,14,74
984,15,59
984,16,80
984,17,80
984,18,28
984,19,81
984,2,73
984,3,50
984,4,69
984,5,79
984,6,77
984,7,73
984,8,60
984,9,71
986,0,62
986,1,76
986,10,77
986,11,73
986,12,62
986,13,74
986,14,73
986,15,58
986,16,79
986,17,79
986,18,29
986,19,80
986,2,74
986,3,51
986,4,68
986,5,80
986,6,78
986,7,74
986,8,61
986,9,72
988,0,63
988,1,75
988,10,76
988,11,72
988,12,63
988,13,75
988,14,72
988,15,57
988,16,78
988,17,78
988,18,30
988,19,79
988,2,75
988,3,52
988,4,69
988,5,81
988,6,79
988,7,75
988,8,62
988,9,73
990,0,64
990,1,74
990,10,75
990,11,71
990,12,64
990,13,76
990,14,71
990,15,56
990,16,77
990,17,77
990,18,31
990,19,78
990,2,76
990,3,53
990,4,70
990,5,80
990,6,80
990,7,76
990,8,63
990,9,74
992,0,65
992,1,73
992,10,74
992,11,70
992,12,65
992,13,77
992,14,70
992,15,55
992,16,76
992,17,76
992,18,32
992,19,77
992,2,77
992,3,54
992,4,71
992,5,79
992,6,81
992,7,77
992,8,64
992,9,75
994,0,66
994,1,72
994,10,73
994,11,69
994,12,66
994,13,78
994,14,69
994,15,56
994,16,75
994,17,75
994,18,33
994,19,76
994,2,78
994,3,55
994,4,72
994,5,78
994,6,80
994,7,78
994,8,65
994,9,76
996,0,67
996,1,73
996,10,72
996,11,68
996,12,67
996,13,79
996,14,68
996,15,57
996,16,74
996,17,74
996,18,34
996,19,75
996,2,79
996,3,56
996,4,73
996,5,77
996,6,79
996,7,79
996,8,66
996,9,77
998,0,68
998,1,74
998,10,71
998,11,67
998,12,68
998,13,80
998,14,67
998,15,58
998,16,73
998,17,73
998,18,35
998,19,74
998,2,80
998,3,57
998,4,74
998,5,76
998,6,78
998,7,80
998,8,67
998,9,78
